"","db","query","genus"
"1","ncbi","812","Croton"
"2","ncbi","703",NA
"3","ncbi","703",NA
"4","ncbi","428","Bursera"
"5","ncbi","2928","Tournefortia"
"6","ncbi","518",NA
"7","ncbi","1275","Gossypium"
"8","ncbi","1275","Gossypium"
"9","ncbi","2929",NA
"10","ncbi","759","Cordia"
"11","ncbi","3035",NA
"12","ncbi","883","Desmanthus"
"13","ncbi","626","Chiococca"
"14","ncbi","1559",NA
"15","ncbi","11",NA
"16","ncbi","1953","Opuntia"
"17","ncbi","760","Cordia"
"18","ncbi","2278","Prosopis"
"19","ncbi","1958","Opuntia"
"20","ncbi","2942","Tribulus"
"21","ncbi","1760",NA
"22","ncbi","392",NA
"23","ncbi","2519",NA
"24","ncbi","3132",NA
"25","ncbi","2551",NA
"26","ncbi","740",NA
"27","ncbi","2029","Parkinsonia"
"28","ncbi","802","Crotalaria"
"29","ncbi","2190","Polygala"
"30","ncbi","2855","Tamarindus"
"31","ncbi","1479",NA
"32","ncbi","385","Blainvillea"
"33","ncbi","549","Castela"
"34","ncbi","2410","Rhynchosia"
"35","ncbi","1793","Mentzelia"
"36","ncbi","2586",NA
"37","ncbi","2632",NA
"38","ncbi","131",NA
"39","ncbi","2930",NA
"40","ncbi","2229","Portulaca"
"41","ncbi","1736",NA
"42","ncbi","2049","Pectis"
"43","ncbi","1848","Momordica"
"44","ncbi","393","Boerhavia"
"45","ncbi","1339","Heliotropium"
"46","ncbi","2552",NA
"47","ncbi","821",NA
"48","ncbi","353",NA
"49","ncbi","1180","Galactia"
"50","ncbi","2180","Plumbago"
"51","ncbi","1845","Mollugo"
"52","ncbi","701","Corynandra"
"53","ncbi","1521","Jasminocereus"
"54","ncbi","6",NA
"55","ncbi","2918","Tiquilia"
"56","ncbi","133","Alternanthera"
"57","ncbi","762","Cordia"
"58","ncbi","1482",NA
"59","ncbi","2917","Tiquilia"
"60","ncbi","1846","Mollugo"
"61","ncbi","859","Darwiniothamnus"
"62","ncbi","399",NA
"63","ncbi","199","Aphloia"
"64","ncbi","2439","Roussea"
"65","ncbi","1843",NA
"66","ncbi","2920","Toddalia"
"67","ncbi","2812","Stillingia"
"68","ncbi","1073",NA
"69","ncbi","808","Croton"
"70","ncbi","2302","Psiadia"
"71","ncbi","620","Chassalia"
"72","ncbi","940","Dodonaea"
"73","ncbi","368","Bertiera"
"74","ncbi","198","Antirhea"
"75","ncbi","685",NA
"76","ncbi","1786",NA
"77","ncbi","2104","Petunia"
"78","ncbi","245",NA
"79","ncbi","2468","Ruta"
"80","ncbi","2757",NA
"81","ncbi","1964","Opuntia"
"82","ncbi","930","Dipyrena"
"83","ncbi","2630","Senna"
"84","ncbi","741","Condalia"
"85","ncbi","2597",NA
"86","ncbi","1566","Larrea"
"87","ncbi","424","Buddleja"
"88","ncbi","232","Argemone"
"89","ncbi","1564","Larrea"
"90","ncbi","15",NA
"91","ncbi","1307",NA
"92","ncbi","2903","Thymophylla"
"93","ncbi","3162","Zuccagnia"
"94","ncbi","499","Atamisquea"
"95","ncbi","2197",NA
"96","ncbi","1565","Larrea"
"97","ncbi","2748","Spartium"
"98","ncbi","693",NA
"99","ncbi","1661","Lippia"
"100","ncbi","577",NA
"101","ncbi","2499",NA
"102","ncbi","3039","Verbascum"
"103","ncbi","1452",NA
"104","ncbi","988","Elaeagnus"
"105","ncbi","123",NA
"106","ncbi","598",NA
"107","ncbi","2277","Prosopis"
"108","ncbi","338",NA
"109","ncbi","1856","Monttea"
"110","ncbi","882",NA
"111","ncbi","1792","Mentzelia"
"112","ncbi","1584","Lecanophora"
"113","ncbi","2564",NA
"114","ncbi","2282","Proustia"
"115","ncbi","2002",NA
"116","ncbi","1713","Lycium"
"117","ncbi","2943","Echinopsis"
"118","ncbi","1161","Fumaria"
"119","ncbi","2117","Philibertia"
"120","ncbi","586","Cerastium"
"121","ncbi","1393","Hoffmannseggia"
"122","ncbi","2945",NA
"123","ncbi","1056",NA
"124","ncbi","1527","Mulguraea"
"125","ncbi","3062","Veronica"
"126","ncbi","1053",NA
"127","ncbi","403","Bougainvillea"
"128","ncbi","1717","Lycium"
"129","ncbi","1257","Junellia"
"130","ncbi","1344",NA
"131","ncbi","1715","Lycium"
"132","ncbi","2333",NA
"133","ncbi","417","Bredemeyera"
"134","ncbi","820",NA
"135","ncbi","3121","Vitex"
"136","ncbi","1745","Mallotus"
"137","ncbi","2572","Scleria"
"138","ncbi","1263","Phyllanthus"
"139","ncbi","2171","Pittosporum"
"140","ncbi","1771","Melastoma"
"141","ncbi","226","Ardisia"
"142","ncbi","1870",NA
"143","ncbi","2563","Schima"
"144","ncbi","547","Castanopsis"
"145","ncbi","225","Ardisia"
"146","ncbi","1128","Euscaphis"
"147","ncbi","991","Elaeocarpus"
"148","ncbi","1665","Litsea"
"149","ncbi","880","Dendropanax"
"150","ncbi","1538",NA
"151","ncbi","465","Callicarpa"
"152","ncbi","1082","Tetradium"
"153","ncbi","658",NA
"154","ncbi","3154","Youngia"
"155","ncbi","3154","Youngia"
"156","ncbi","2358","Ranunculus"
"157","ncbi","1265","Glochidion"
"158","ncbi","1554","Lagerstroemia"
"159","ncbi","147",NA
"160","ncbi","706","Clerodendrum"
"161","ncbi","290",NA
"162","ncbi","290",NA
"163","ncbi","1738","Maesa"
"164","ncbi","2939","Trema"
"165","ncbi","2939","Trema"
"166","ncbi","1776","Meliosma"
"167","ncbi","3140",NA
"168","ncbi","900",NA
"169","ncbi","1734",NA
"170","ncbi","1358","Heritiera"
"171","ncbi","652","Cinnamomum"
"172","ncbi","125","Alpinia"
"173","ncbi","791","Crepidiastrum"
"174","ncbi","791","Crepidiastrum"
"175","ncbi","2315",NA
"176","ncbi","2315",NA
"177","ncbi","992","Elaeocarpus"
"178","ncbi","2105",NA
"179","ncbi","2820","Styrax"
"180","ncbi","2383","Rhamnella"
"181","ncbi","2837",NA
"182","ncbi","1264","Glochidion"
"183","ncbi","1862","Mosla"
"184","ncbi","412",NA
"185","ncbi","2548","Scaevola"
"186","ncbi","69","Aeginetia"
"187","ncbi","1638",NA
"188","ncbi","2445","Rubus"
"189","ncbi","2312","Psychotria"
"190","ncbi","2312","Psychotria"
"191","ncbi","196",NA
"192","ncbi","196",NA
"193","ncbi","1459","Ilex"
"194","ncbi","1459","Ilex"
"195","ncbi","18",NA
"196","ncbi","2087","Persicaria"
"197","ncbi","2387","Rhaphiolepis"
"198","ncbi","2561","Schefflera"
"199","ncbi","2561","Schefflera"
"200","ncbi","418","Bredia"
"201","ncbi","799","Croomia"
"202","ncbi","2266","Premna"
"203","ncbi","2457",NA
"204","ncbi","692","Clematis"
"205","ncbi","2018","Pandanus"
"206","ncbi","2018","Pandanus"
"207","ncbi","1368",NA
"208","ncbi","2163","Pinus"
"209","ncbi","2265",NA
"210","ncbi","1725",NA
"211","ncbi","97",NA
"212","ncbi","126",NA
"213","ncbi","924",NA
"214","ncbi","2592","Sedum"
"215","ncbi","122","Alocasia"
"216","ncbi","3092","Vigna"
"217","ncbi","2188","Pollia"
"218","ncbi","1138",NA
"219","ncbi","1138",NA
"220","ncbi","2399","Rhododendron"
"221","ncbi","3111",NA
"222","ncbi","1972",NA
"223","ncbi","1893",NA
"224","ncbi","593","Cerbera"
"225","ncbi","2785","Stauntonia"
"226","ncbi","2589","Securinega"
"227","ncbi","2589","Securinega"
"228","ncbi","2164",NA
"229","ncbi","2164",NA
"230","ncbi","88","Ageratum"
"231","ncbi","124","Alpinia"
"232","ncbi","1804",NA
"233","ncbi","1804",NA
"234","ncbi","2448","Rubus"
"235","ncbi","695","Clematis"
"236","ncbi","355","Bauhinia"
"237","ncbi","1731","Maackia"
"238","ncbi","1366","Talipariti"
"239","ncbi","493","Canavalia"
"240","ncbi","3126",NA
"241","ncbi","1127","Eurya"
"242","ncbi","1373","Talipariti"
"243","ncbi","1481","Ipomoea"
"244","ncbi","2379","Reynoutria"
"245","ncbi","224","Ardisia"
"246","ncbi","1568","Lasianthus"
"247","ncbi","47","Actinidia"
"248","ncbi","1775","Meliosma"
"249","ncbi","1860","Gynochthodes"
"250","ncbi","3023","Vaccinium"
"251","ncbi","2495","Salsola"
"252","ncbi","1869","Musa"
"253","ncbi","351","Barringtonia"
"254","ncbi","357","Iris"
"255","ncbi","387","Blastus"
"256","ncbi","1664",NA
"257","ncbi","379","Bidens"
"258","ncbi","2414","Rhynchotechum"
"259","ncbi","906","Diapensia"
"260","ncbi","3096","Viola"
"261","ncbi","2536","Saxifraga"
"262","ncbi","962","Dryas"
"263","ncbi","2529","Saxifraga"
"264","ncbi","2973","Trollius"
"265","ncbi","584","Cerastium"
"266","ncbi","2162","Pinguicula"
"267","ncbi","2031","Parnassia"
"268","ncbi","2662","Silene"
"269","ncbi","2236","Potentilla"
"270","ncbi","2219","Bistorta"
"271","ncbi","2489","Salix"
"272","ncbi","2390","Rhodiola"
"273","ncbi","2394","Rhododendron"
"274","ncbi","186","Antennaria"
"275","ncbi","2484","Salix"
"276","ncbi","2865","Taraxacum"
"277","ncbi","543","Harrimanella"
"278","ncbi","544","Cassiope"
"279","ncbi","317","Astragalus"
"280","ncbi","209","Arabis"
"281","ncbi","2487","Salix"
"282","ncbi","352","Bartsia"
"283","ncbi","1735","Macleaya"
"284","ncbi","3117","Viola"
"285","ncbi","1535",NA
"286","ncbi","178","Angelica"
"287","ncbi","899","Deutzia"
"288","ncbi","1623","Leucosceptrum"
"289","ncbi","218","Aralia"
"290","ncbi","177","Angelica"
"291","ncbi","897","Deutzia"
"292","ncbi","665",NA
"293","ncbi","2836","Symplocos"
"294","ncbi","1539","Kerria"
"295","ncbi","2405","Brucea"
"296","ncbi","2779","Stachyurus"
"297","ncbi","2453","Rubus"
"298","ncbi","1648","Lindera"
"299","ncbi","295",NA
"300","ncbi","524","Carex"
"301","ncbi","3074","Viburnum"
"302","ncbi","780","Corydalis"
"303","ncbi","1410","Hydrangea"
"304","ncbi","2804",NA
"305","ncbi","2094","Persicaria"
"306","ncbi","286",NA
"307","ncbi","516","Hydrangea"
"308","ncbi","2444","Rubus"
"309","ncbi","220",NA
"310","ncbi","513","Cardamine"
"311","ncbi","1646","Lindera"
"312","ncbi","1248","Geum"
"313","ncbi","1971","Orixa"
"314","ncbi","1632",NA
"315","ncbi","1632",NA
"316","ncbi","2783","Staphylea"
"317","ncbi","1407","Hydrangea"
"318","ncbi","315","Astilbe"
"319","ncbi","966","Potentilla"
"320","ncbi","1258","Glechoma"
"321","ncbi","2807","Neillia"
"322","ncbi","727","Codonopsis"
"323","ncbi","1409","Hydrangea"
"324","ncbi","92","Agrimonia"
"325","ncbi","622","Chelidonium"
"326","ncbi","895","Hylodesmum"
"327","ncbi","2956","Trifolium"
"328","ncbi","149","Amphicarpaea"
"329","ncbi","2359","Ranunculus"
"330","ncbi","3153","Youngia"
"331","ncbi","3138","Weigela"
"332","ncbi","17","Acer"
"333","ncbi","823","Cryptotaenia"
"334","ncbi","1945","Nihon"
"335","ncbi","2423","Rorippa"
"336","ncbi","383","Bistorta"
"337","ncbi","512","Cardamine"
"338","ncbi","1534",NA
"339","ncbi","2442","Rubus"
"340","ncbi","2959","Trigonotis"
"341","ncbi","3073",NA
"342","ncbi","2506","Sambucus"
"343","ncbi","102","Albizia"
"344","ncbi","102","Albizia"
"345","ncbi","778","Corydalis"
"346","ncbi","2288",NA
"347","ncbi","2801",NA
"348","ncbi","1084","Euonymus"
"349","ncbi","146",NA
"350","ncbi","1430","Hypericum"
"351","ncbi","2339",NA
"352","ncbi","2927","Torilis"
"353","ncbi","3089","Vicia"
"354","ncbi","2091","Persicaria"
"355","ncbi","285","Aster"
"356","ncbi","1126","Euptelea"
"357","ncbi","1777","Meliosma"
"358","ncbi","1090","Eupatorium"
"359","ncbi","1090","Eupatorium"
"360","ncbi","1679","Lonicera"
"361","ncbi","2392","Rhododendron"
"362","ncbi","1512","Ixeridium"
"363","ncbi","3143","Wisteria"
"364","ncbi","1976",NA
"365","ncbi","1046","Eriobotrya"
"366","ncbi","2823","Swertia"
"367","ncbi","2011","Paederia"
"368","ncbi","1467","Impatiens"
"369","ncbi","30","Achyranthes"
"370","ncbi","2172","Plantago"
"371","ncbi","3026","Valeriana"
"372","ncbi","2338",NA
"373","ncbi","2089",NA
"374","ncbi","910","Digitaria"
"375","ncbi","1235","Geranium"
"376","ncbi","2255",NA
"377","ncbi","1465","Impatiens"
"378","ncbi","2827",NA
"379","ncbi","2791","Stellaria"
"380","ncbi","1402","Houttuynia"
"381","ncbi","928","Dipsacus"
"382","ncbi","707","Clethra"
"383","ncbi","1765","Meehania"
"384","ncbi","2012",NA
"385","ncbi","2095",NA
"386","ncbi","46","Actinidia"
"387","ncbi","101","Alangium"
"388","ncbi","287",NA
"389","ncbi","305","Symphyotrichum"
"390","ncbi","305","Symphyotrichum"
"391","ncbi","445","Calamagrostis"
"392","ncbi","2086",NA
"393","ncbi","100","Akebia"
"394","ncbi","100","Akebia"
"395","ncbi","2044","Patrinia"
"396","ncbi","2614",NA
"397","ncbi","2614",NA
"398","ncbi","691","Clematis"
"399","ncbi","1639","Ligustrum"
"400","ncbi","1586","Rhododendron"
"401","ncbi","3021","Vaccinium"
"402","ncbi","2329","Pyrola"
"403","ncbi","2539","Saxifraga"
"404","ncbi","961","Dryas"
"405","ncbi","483","Campanula"
"406","ncbi","2492",NA
"407","ncbi","2251","Potentilla"
"408","ncbi","3118","Viscaria"
"409","ncbi","1011","Chamaenerion"
"410","ncbi","2531",NA
"411","ncbi","2056","Pedicularis"
"412","ncbi","952",NA
"413","ncbi","2476","Salix"
"414","ncbi","2476","Salix"
"415","ncbi","1608","Physaria"
"416","ncbi","2249","Potentilla"
"417","ncbi","2022","Papaver"
"418","ncbi","2051",NA
"419","ncbi","2795","Stellaria"
"420","ncbi","1034","Erigeron"
"421","ncbi","1034","Erigeron"
"422","ncbi","2534","Saxifraga"
"423","ncbi","250",NA
"424","ncbi","2860","Taraxacum"
"425","ncbi","2860","Taraxacum"
"426","ncbi","1062","Erysimum"
"427","ncbi","1035",NA
"428","ncbi","1035",NA
"429","ncbi","2342",NA
"430","ncbi","2052","Pedicularis"
"431","ncbi","1523",NA
"432","ncbi","2915","Tillandsia"
"433","ncbi","1362","Heteropterys"
"434","ncbi","400","Borreria"
"435","ncbi","1100",NA
"436","ncbi","1847","Mollugo"
"437","ncbi","1597","Lepidaploa"
"438","ncbi","2279","Prosopis"
"439","ncbi","1831","Mimosa"
"440","ncbi","2819","Stylosanthes"
"441","ncbi","721","Cnidoscolus"
"442","ncbi","721","Cnidoscolus"
"443","ncbi","2966","Tripogandra"
"444","ncbi","2030","Parkinsonia"
"445","ncbi","1269","Gomphrena"
"446","ncbi","1816","Microtea"
"447","ncbi","1996",NA
"448","ncbi","548","Castela"
"449","ncbi","2649",NA
"450","ncbi","1356","Herissantia"
"451","ncbi","2048",NA
"452","ncbi","3051",NA
"453","ncbi","3161",NA
"454","ncbi","2227","Portulaca"
"455","ncbi","3131","Waltheria"
"456","ncbi","689",NA
"457","ncbi","73","Aeschynomene"
"458","ncbi","2047",NA
"459","ncbi","1268","Gomphrena"
"460","ncbi","2046","Pavonia"
"461","ncbi","2777",NA
"462","ncbi","832","Cuphea"
"463","ncbi","2854","Talinum"
"464","ncbi","1656","Lippia"
"465","ncbi","738","Murdannia"
"466","ncbi","815",NA
"467","ncbi","2628",NA
"468","ncbi","216","Arachis"
"469","ncbi","1954",NA
"470","ncbi","596","Cereus"
"471","ncbi","1895",NA
"472","ncbi","977","Echinopsis"
"473","ncbi","1294",NA
"474","ncbi","2574","Scoparia"
"475","ncbi","1507",NA
"476","ncbi","1507",NA
"477","ncbi","814",NA
"478","ncbi","2467","Ruellia"
"479","ncbi","1829","Mimosa"
"480","ncbi","1747",NA
"481","ncbi","332",NA
"482","ncbi","1780",NA
"483","ncbi","2932",NA
"484","ncbi","255",NA
"485","ncbi","722",NA
"486","ncbi","699",NA
"487","ncbi","2648","Sida"
"488","ncbi","1284",NA
"489","ncbi","1919",NA
"490","ncbi","134",NA
"491","ncbi","2166",NA
"492","ncbi","492","Camptosema"
"493","ncbi","2781","Staelia"
"494","ncbi","2081","Pereskia"
"495","ncbi","729","Coffea"
"496","ncbi","1941","Olea"
"497","ncbi","343",NA
"498","ncbi","2137",NA
"499","ncbi","2658","Sideroxylon"
"500","ncbi","1081",NA
"501","ncbi","1277","Grangeria"
"502","ncbi","1330",NA
"503","ncbi","3133",NA
"504","ncbi","730","Coffea"
"505","ncbi","1164","Gaertnera"
"506","ncbi","1836",NA
"507","ncbi","1140","Faujasiopsis"
"508","ncbi","86","Agarista"
"509","ncbi","2220","Polyscias"
"510","ncbi","753","Hancea"
"511","ncbi","1934",NA
"512","ncbi","1933","Ochna"
"513","ncbi","1143","Flagellaria"
"514","ncbi","1851","Eugenia"
"515","ncbi","1069","Erythrospermum"
"516","ncbi","1675","Lobelia"
"517","ncbi","267","Asclepias"
"518","ncbi","824",NA
"519","ncbi","2585",NA
"520","ncbi","1626","Liatris"
"521","ncbi","2340",NA
"522","ncbi","2355","Ranunculus"
"523","ncbi","2813","Strophostyles"
"524","ncbi","3014","Uvularia"
"525","ncbi","970","Echinocystis"
"526","ncbi","1267",NA
"527","ncbi","1673",NA
"528","ncbi","2443","Rubus"
"529","ncbi","215",NA
"530","ncbi","2215","Persicaria"
"531","ncbi","2708","Solanum"
"532","ncbi","1365",NA
"533","ncbi","583","Cephalanthus"
"534","ncbi","887","Desmodium"
"535","ncbi","3065",NA
"536","ncbi","2283","Prunella"
"537","ncbi","1596",NA
"538","ncbi","2912","Tilia"
"539","ncbi","892","Desmodium"
"540","ncbi","106","Alisma"
"541","ncbi","1367","Hibiscus"
"542","ncbi","3076",NA
"543","ncbi","1759",NA
"544","ncbi","1323","Helianthus"
"545","ncbi","1195","Galium"
"546","ncbi","769","Coreopsis"
"547","ncbi","2794","Stellaria"
"548","ncbi","1670","Lobelia"
"549","ncbi","2124","Phlox"
"550","ncbi","2222","Pontederia"
"551","ncbi","2766",NA
"552","ncbi","894","Desmodium"
"553","ncbi","415",NA
"554","ncbi","296",NA
"555","ncbi","2871",NA
"556","ncbi","300",NA
"557","ncbi","2324",NA
"558","ncbi","2269","Nabalus"
"559","ncbi","1322",NA
"560","ncbi","1150",NA
"561","ncbi","1987","Oxalis"
"562","ncbi","2175","Plantago"
"563","ncbi","594","Cercis"
"564","ncbi","2472","Sagittaria"
"565","ncbi","1682","Lonicera"
"566","ncbi","2466","Ruellia"
"567","ncbi","389","Blephilia"
"568","ncbi","1099","Eupatorium"
"569","ncbi","374","Bidens"
"570","ncbi","274",NA
"571","ncbi","293",NA
"572","ncbi","1042",NA
"573","ncbi","259","Aruncus"
"574","ncbi","2221","Polytaenia"
"575","ncbi","2773","Stachys"
"576","ncbi","349","Baptisia"
"577","ncbi","1663","Lithospermum"
"578","ncbi","2199",NA
"579","ncbi","1466","Impatiens"
"580","ncbi","1285","Gymnocladus"
"581","ncbi","2517","Saponaria"
"582","ncbi","696","Clematis"
"583","ncbi","138","Amelanchier"
"584","ncbi","2695",NA
"585","ncbi","2731",NA
"586","ncbi","85","Agastache"
"587","ncbi","771","Cornus"
"588","ncbi","3047","Verbesina"
"589","ncbi","2643","Sicyos"
"590","ncbi","825","Cucurbita"
"591","ncbi","1401",NA
"592","ncbi","2434","Rosa"
"593","ncbi","2814",NA
"594","ncbi","2211","Persicaria"
"595","ncbi","306",NA
"596","ncbi","2784","Staphylea"
"597","ncbi","298",NA
"598","ncbi","3123","Vitis"
"599","ncbi","2465","Ruellia"
"600","ncbi","203","Apocynum"
"601","ncbi","1672","Lobelia"
"602","ncbi","733","Collinsia"
"603","ncbi","1420","Hydrophyllum"
"604","ncbi","289",NA
"605","ncbi","2421","Robinia"
"606","ncbi","1693",NA
"607","ncbi","2074","Penstemon"
"608","ncbi","1234","Geranium"
"609","ncbi","2640","Dasistoma"
"610","ncbi","2732","Solidago"
"611","ncbi","786","Crataegus"
"612","ncbi","268","Asclepias"
"613","ncbi","2884","Thalictrum"
"614","ncbi","2853","Taenidia"
"615","ncbi","2479","Salix"
"616","ncbi","2182","Podophyllum"
"617","ncbi","1369",NA
"618","ncbi","735","Comandra"
"619","ncbi","2460",NA
"620","ncbi","2021","Panicum"
"621","ncbi","2126","Phlox"
"622","ncbi","1885","Myosurus"
"623","ncbi","441",NA
"624","ncbi","441",NA
"625","ncbi","3097","Viola"
"626","ncbi","1096","Eupatorium"
"627","ncbi","1096","Eupatorium"
"628","ncbi","670","Cirsium"
"629","ncbi","670","Cirsium"
"630","ncbi","1092","Conoclinium"
"631","ncbi","1092","Conoclinium"
"632","ncbi","270","Asclepias"
"633","ncbi","207","Aquilegia"
"634","ncbi","1320","Helianthus"
"635","ncbi","1320","Helianthus"
"636","ncbi","2893",NA
"637","ncbi","378","Bidens"
"638","ncbi","378","Bidens"
"639","ncbi","45",NA
"640","ncbi","2588",NA
"641","ncbi","2831",NA
"642","ncbi","1643","Lilium"
"643","ncbi","171","Thalictrum"
"644","ncbi","2115",NA
"645","ncbi","1306","Helenium"
"646","ncbi","1306","Helenium"
"647","ncbi","377","Bidens"
"648","ncbi","377","Bidens"
"649","ncbi","2598","Packera"
"650","ncbi","2598","Packera"
"651","ncbi","1088","Eupatorium"
"652","ncbi","1088","Eupatorium"
"653","ncbi","1431","Hypericum"
"654","ncbi","770","Coreopsis"
"655","ncbi","770","Coreopsis"
"656","ncbi","437",NA
"657","ncbi","437",NA
"658","ncbi","3043","Verbena"
"659","ncbi","1211","Gentiana"
"660","ncbi","144","Amorpha"
"661","ncbi","1908","Nelumbo"
"662","ncbi","2676","Silphium"
"663","ncbi","2676","Silphium"
"664","ncbi","863",NA
"665","ncbi","2789","Lysimachia"
"666","ncbi","1975",NA
"667","ncbi","2483","Salix"
"668","ncbi","2483","Salix"
"669","ncbi","1116",NA
"670","ncbi","1116",NA
"671","ncbi","2788",NA
"672","ncbi","2325","Pycnanthemum"
"673","ncbi","2430",NA
"674","ncbi","1974","Aphyllon"
"675","ncbi","3159","Zizia"
"676","ncbi","1316","Helianthus"
"677","ncbi","1316","Helianthus"
"678","ncbi","888","Desmodium"
"679","ncbi","891","Desmodium"
"680","ncbi","1246",NA
"681","ncbi","1484","Ipomoea"
"682","ncbi","1231","Geranium"
"683","ncbi","213","Boechera"
"684","ncbi","136","Amaranthus"
"685","ncbi","508","Cardamine"
"686","ncbi","908","Dicentra"
"687","ncbi","2678","Silphium"
"688","ncbi","2323",NA
"689","ncbi","1423","Hypericum"
"690","ncbi","7","Abutilon"
"691","ncbi","1041","Erigeron"
"692","ncbi","1605","Lespedeza"
"693","ncbi","2132","Phryma"
"694","ncbi","1325","Helianthus"
"695","ncbi","2142","Physalis"
"696","ncbi","396","Boltonia"
"697","ncbi","396","Boltonia"
"698","ncbi","396","Boltonia"
"699","ncbi","2872","Tephrosia"
"700","ncbi","647","Cicuta"
"701","ncbi","1850","Monarda"
"702","ncbi","241","Arisaema"
"703","ncbi","1022",NA
"704","ncbi","48",NA
"705","ncbi","48",NA
"706","ncbi","48",NA
"707","ncbi","2996",NA
"708","ncbi","2139","Physalis"
"709","ncbi","2144","Physostegia"
"710","ncbi","773","Cornus"
"711","ncbi","1506","Isopyrum"
"712","ncbi","84","Agastache"
"713","ncbi","862","Datura"
"714","ncbi","822","Cryptotaenia"
"715","ncbi","1607","Lespedeza"
"716","ncbi","1317",NA
"717","ncbi","1317",NA
"718","ncbi","1317",NA
"719","ncbi","2294","Prunus"
"720","ncbi","2299",NA
"721","ncbi","1750",NA
"722","ncbi","1645","Linaria"
"723","ncbi","1833","Mimulus"
"724","ncbi","2357","Ranunculus"
"725","ncbi","3055","Veronica"
"726","ncbi","1462",NA
"727","ncbi","2141",NA
"728","ncbi","1148",NA
"729","ncbi","2224","Populus"
"730","ncbi","2224","Populus"
"731","ncbi","2098",NA
"732","ncbi","2486","Salix"
"733","ncbi","2486","Salix"
"734","ncbi","2035","Parthenium"
"735","ncbi","2035","Parthenium"
"736","ncbi","2035","Parthenium"
"737","ncbi","1244","Aureolaria"
"738","ncbi","1674","Lobelia"
"739","ncbi","2935",NA
"740","ncbi","1315","Helianthus"
"741","ncbi","1315","Helianthus"
"742","ncbi","1315","Helianthus"
"743","ncbi","1694",NA
"744","ncbi","480","Campanula"
"745","ncbi","1683",NA
"746","ncbi","148",NA
"747","ncbi","2582","Scutellaria"
"748","ncbi","1502","Iris"
"749","ncbi","1106","Euphorbia"
"750","ncbi","1106","Euphorbia"
"751","ncbi","2505","Sambucus"
"752","ncbi","2209","Persicaria"
"753","ncbi","2790",NA
"754","ncbi","376","Bidens"
"755","ncbi","187","Antennaria"
"756","ncbi","187","Antennaria"
"757","ncbi","302",NA
"758","ncbi","302",NA
"759","ncbi","876","Delphinium"
"760","ncbi","545",NA
"761","ncbi","551","Castilleja"
"762","ncbi","1101",NA
"763","ncbi","1253","Geum"
"764","ncbi","2210","Persicaria"
"765","ncbi","2933",NA
"766","ncbi","297",NA
"767","ncbi","297",NA
"768","ncbi","297",NA
"769","ncbi","2268","Nabalus"
"770","ncbi","1033","Erigeron"
"771","ncbi","1033","Erigeron"
"772","ncbi","1033","Erigeron"
"773","ncbi","265","Asclepias"
"774","ncbi","140","Ammannia"
"775","ncbi","2964","Triosteum"
"776","ncbi","1939","Oenothera"
"777","ncbi","1884",NA
"778","ncbi","835","Cuscuta"
"779","ncbi","561","Celastrus"
"780","ncbi","1595","Leonurus"
"781","ncbi","2733","Solidago"
"782","ncbi","2733","Solidago"
"783","ncbi","2733","Solidago"
"784","ncbi","3156","Zea"
"785","ncbi","318","Astragalus"
"786","ncbi","2579","Scrophularia"
"787","ncbi","2037","Passiflora"
"788","ncbi","1422","Hypericum"
"789","ncbi","201",NA
"790","ncbi","2507",NA
"791","ncbi","28","Achillea"
"792","ncbi","28","Achillea"
"793","ncbi","28","Achillea"
"794","ncbi","1834","Mimulus"
"795","ncbi","301",NA
"796","ncbi","301",NA
"797","ncbi","301",NA
"798","ncbi","77","Aesculus"
"799","ncbi","688","Claytonia"
"800","ncbi","1966",NA
"801","ncbi","664",NA
"802","ncbi","664",NA
"803","ncbi","939","Primula"
"804","ncbi","1728","Lythrum"
"805","ncbi","1720","Lycopus"
"806","ncbi","2147","Phytolacca"
"807","ncbi","2335",NA
"808","ncbi","659","Cirsium"
"809","ncbi","2348","Ranunculus"
"810","ncbi","1406","Hydrangea"
"811","ncbi","3115","Viola"
"812","ncbi","1770","Veratrum"
"813","ncbi","774",NA
"814","ncbi","189","Anthemis"
"815","ncbi","189","Anthemis"
"816","ncbi","189","Anthemis"
"817","ncbi","1758","Marrubium"
"818","ncbi","143","Amorpha"
"819","ncbi","2892",NA
"820","ncbi","3045","Verbena"
"821","ncbi","2318","Ptelea"
"822","ncbi","557","Ceanothus"
"823","ncbi","694","Clematis"
"824","ncbi","2284","Prunus"
"825","ncbi","1926","Nothoscordum"
"826","ncbi","2214","Persicaria"
"827","ncbi","2204","Persicaria"
"828","ncbi","1802","Mertensia"
"829","ncbi","1544",NA
"830","ncbi","1544",NA
"831","ncbi","1544",NA
"832","ncbi","1657",NA
"833","ncbi","76","Aesculus"
"834","ncbi","1098","Eupatorium"
"835","ncbi","1098","Eupatorium"
"836","ncbi","1098","Eupatorium"
"837","ncbi","747","Calystegia"
"838","ncbi","202","Apocynum"
"839","ncbi","1030","Erigenia"
"840","ncbi","1204","Oenothera"
"841","ncbi","210",NA
"842","ncbi","1135",NA
"843","ncbi","375","Bidens"
"844","ncbi","375","Bidens"
"845","ncbi","375","Bidens"
"846","ncbi","2750",NA
"847","ncbi","137","Ambrosia"
"848","ncbi","3122","Vitis"
"849","ncbi","1272",NA
"850","ncbi","2953","Trifolium"
"851","ncbi","2041","Pastinaca"
"852","ncbi","3046","Verbena"
"853","ncbi","931","Dirca"
"854","ncbi","260",NA
"855","ncbi","414",NA
"856","ncbi","414",NA
"857","ncbi","414",NA
"858","ncbi","476",NA
"859","ncbi","348","Baptisia"
"860","ncbi","535",NA
"861","ncbi","2955","Trifolium"
"862","ncbi","929","Dipsacus"
"863","ncbi","2691",NA
"864","ncbi","2514","Sanicula"
"865","ncbi","2675","Silphium"
"866","ncbi","2675","Silphium"
"867","ncbi","2675","Silphium"
"868","ncbi","2723","Euthamia"
"869","ncbi","2723","Euthamia"
"870","ncbi","2723","Euthamia"
"871","ncbi","2407","Toxicodendron"
"872","ncbi","2475","Salix"
"873","ncbi","2475","Salix"
"874","ncbi","1789","Mentha"
"875","ncbi","93","Agrimonia"
"876","ncbi","2677","Silphium"
"877","ncbi","2677","Silphium"
"878","ncbi","2677","Silphium"
"879","ncbi","3114","Viola"
"880","ncbi","505","Capsella"
"881","ncbi","1550","Lactuca"
"882","ncbi","1550","Lactuca"
"883","ncbi","1550","Lactuca"
"884","ncbi","1303","Hedeoma"
"885","ncbi","1287",NA
"886","ncbi","2672","Silene"
"887","ncbi","1349","Anemone"
"888","ncbi","2385","Ventia"
"889","ncbi","655","Circaea"
"890","ncbi","2223","Populus"
"891","ncbi","2223","Populus"
"892","ncbi","2000","Oxalis"
"893","ncbi","1463","Impatiens"
"894","ncbi","847",NA
"895","ncbi","1913","Nepeta"
"896","ncbi","2805",NA
"897","ncbi","3112","Viola"
"898","ncbi","2415",NA
"899","ncbi","886",NA
"900","ncbi","2217",NA
"901","ncbi","2402",NA
"902","ncbi","2402",NA
"903","ncbi","1245",NA
"904","ncbi","20","Acer"
"905","ncbi","20","Acer"
"906","ncbi","2728","Solidago"
"907","ncbi","2728","Solidago"
"908","ncbi","2728","Solidago"
"909","ncbi","2462","Rudbeckia"
"910","ncbi","2462","Rudbeckia"
"911","ncbi","2462","Rudbeckia"
"912","ncbi","828",NA
"913","ncbi","323",NA
"914","ncbi","3042",NA
"915","ncbi","1486","Ipomoea"
"916","ncbi","1374","Hibiscus"
"917","ncbi","602","Chaerophyllum"
"918","ncbi","2994","Ulmus"
"919","ncbi","2994","Ulmus"
"920","ncbi","1604","Lespedeza"
"921","ncbi","2099",NA
"922","ncbi","1152",NA
"923","ncbi","1152",NA
"924","ncbi","2187","Polemonium"
"925","ncbi","1318","Helianthus"
"926","ncbi","1318","Helianthus"
"927","ncbi","1318","Helianthus"
"928","ncbi","881","Cardamine"
"929","ncbi","1032","Erigeron"
"930","ncbi","1032","Erigeron"
"931","ncbi","1032","Erigeron"
"932","ncbi","2125","Phlox"
"933","ncbi","2202",NA
"934","ncbi","889","Desmodium"
"935","ncbi","1247","Geum"
"936","ncbi","222","Arctium"
"937","ncbi","222","Arctium"
"938","ncbi","222","Arctium"
"939","ncbi","3050","Vernonia"
"940","ncbi","3050","Vernonia"
"941","ncbi","3050","Vernonia"
"942","ncbi","1549","Lactuca"
"943","ncbi","1549","Lactuca"
"944","ncbi","1549","Lactuca"
"945","ncbi","1655","Liparis"
"946","ncbi","1561",NA
"947","ncbi","1938","Oenothera"
"948","ncbi","2724","Solidago"
"949","ncbi","2724","Solidago"
"950","ncbi","2724","Solidago"
"951","ncbi","590","Cerastium"
"952","ncbi","269","Asclepias"
"953","ncbi","2464","Rudbeckia"
"954","ncbi","2464","Rudbeckia"
"955","ncbi","2464","Rudbeckia"
"956","ncbi","1600","Lepidium"
"957","ncbi","1914",NA
"958","ncbi","1259","Gleditsia"
"959","ncbi","1259","Gleditsia"
"960","ncbi","1773","Melilotus"
"961","ncbi","2715","Solanum"
"962","ncbi","656","Cirsium"
"963","ncbi","656","Cirsium"
"964","ncbi","656","Cirsium"
"965","ncbi","2961","Trillium"
"966","ncbi","1480","Ipomoea"
"967","ncbi","2879","Teucrium"
"968","ncbi","896","Desmodium"
"969","ncbi","2461","Rudbeckia"
"970","ncbi","2461","Rudbeckia"
"971","ncbi","2461","Rudbeckia"
"972","ncbi","1438","Hypoxis"
"973","ncbi","264","Asclepias"
"974","ncbi","3041",NA
"975","ncbi","1080",NA
"976","ncbi","923","Diospyros"
"977","ncbi","923","Diospyros"
"978","ncbi","3107","Viola"
"979","ncbi","1097","Eutrochium"
"980","ncbi","1097","Eutrochium"
"981","ncbi","1097","Eutrochium"
"982","ncbi","2452","Rubus"
"983","ncbi","2722","Solidago"
"984","ncbi","2722","Solidago"
"985","ncbi","2722","Solidago"
"986","ncbi","2703","Smilax"
"987","ncbi","2703","Smilax"
"988","ncbi","3155","Zanthoxylum"
"989","ncbi","3155","Zanthoxylum"
"990","ncbi","902",NA
"991","ncbi","1556","Lantana"
"992","ncbi","787","Crataegus"
"993","ncbi","2512","Sanicula"
"994","ncbi","2512","Sanicula"
"995","ncbi","1187",NA
"996","ncbi","1065","Erythronium"
"997","ncbi","2696","Maianthemum"
"998","ncbi","1405","Hybanthus"
"999","ncbi","803","Crotalaria"
"1000","ncbi","534",NA
"1001","ncbi","2652","Sida"
"1002","ncbi","2463","Rudbeckia"
"1003","ncbi","2463","Rudbeckia"
"1004","ncbi","2463","Rudbeckia"
"1005","ncbi","2685",NA
"1006","ncbi","1929",NA
"1007","ncbi","2403","Rhus"
"1008","ncbi","390","Blephilia"
"1009","ncbi","2001","Oxalis"
"1010","ncbi","2001","Oxalis"
"1011","ncbi","277","Asparagus"
"1012","ncbi","277","Asparagus"
"1013","ncbi","2717","Solanum"
"1014","ncbi","890",NA
"1015","ncbi","1492","Iris"
"1016","ncbi","2343","Ranunculus"
"1017","ncbi","3034","Valerianella"
"1018","ncbi","2697","Maianthemum"
"1019","ncbi","640","Leucanthemum"
"1020","ncbi","640","Leucanthemum"
"1021","ncbi","640","Leucanthemum"
"1022","ncbi","3075","Viburnum"
"1023","ncbi","3108","Viola"
"1024","ncbi","3060","Veronica"
"1025","ncbi","2954","Trifolium"
"1026","ncbi","2309","Orbexilum"
"1027","ncbi","1060","Eryngium"
"1028","ncbi","2818","Stylosanthes"
"1029","ncbi","1417","Hydrophyllum"
"1030","ncbi","2248",NA
"1031","ncbi","440",NA
"1032","ncbi","440",NA
"1033","ncbi","440",NA
"1034","ncbi","1627","Liatris"
"1035","ncbi","1627","Liatris"
"1036","ncbi","1627","Liatris"
"1037","ncbi","1222",NA
"1038","ncbi","843","Cynoglossum"
"1039","ncbi","2073","Penstemon"
"1040","ncbi","2004","Oxypolis"
"1041","ncbi","592",NA
"1042","ncbi","996",NA
"1043","ncbi","261",NA
"1044","ncbi","1671",NA
"1045","ncbi","2509","Sanguinaria"
"1046","ncbi","1338","Heliopsis"
"1047","ncbi","1256",NA
"1048","ncbi","2404","Rhus"
"1049","ncbi","1243",NA
"1050","ncbi","2521",NA
"1051","ncbi","2195","Polygala"
"1052","ncbi","2689","Sisyrinchium"
"1053","ncbi","833","Cuscuta"
"1054","ncbi","1353","Heracleum"
"1055","ncbi","173","Anethum"
"1056","ncbi","2580",NA
"1057","ncbi","2702","Smilax"
"1058","ncbi","2235","Potentilla"
"1059","ncbi","555","Caulophyllum"
"1060","ncbi","2181","Poa"
"1061","ncbi","1278","Gratiola"
"1062","ncbi","2936","Tradescantia"
"1063","ncbi","788","Crataegus"
"1064","ncbi","2796","Stellaria"
"1065","ncbi","2726","Solidago"
"1066","ncbi","1849","Monarda"
"1067","ncbi","22","Acer"
"1068","ncbi","2670","Silene"
"1069","ncbi","2341",NA
"1070","ncbi","2485",NA
"1071","ncbi","243","Aristolochia"
"1072","ncbi","1040","Erigeron"
"1073","ncbi","2583","Scutellaria"
"1074","ncbi","1692","Lotus"
"1075","ncbi","2161","Pimpinella"
"1076","ncbi","1142","Filipendula"
"1077","ncbi","3064","Veronica"
"1078","ncbi","1709","Silene"
"1079","ncbi","179","Angelica"
"1080","ncbi","1883","Myosotis"
"1081","ncbi","2666","Silene"
"1082","ncbi","3087","Vicia"
"1083","ncbi","1788","Mentha"
"1084","ncbi","3029","Valeriana"
"1085","ncbi","2238","Potentilla"
"1086","ncbi","3056","Veronica"
"1087","ncbi","2344","Ranunculus"
"1088","ncbi","1730","Lythrum"
"1089","ncbi","673","Cirsium"
"1090","ncbi","1249","Geum"
"1091","ncbi","667","Cirsium"
"1092","ncbi","573","Centaurea"
"1093","ncbi","3057","Veronica"
"1094","ncbi","2792","Stellaria"
"1095","ncbi","2798","Stellaria"
"1096","ncbi","193","Anthriscus"
"1097","ncbi","2950","Trifolium"
"1098","ncbi","2349","Ranunculus"
"1099","ncbi","1572",NA
"1100","ncbi","794","Crepis"
"1101","ncbi","1727","Lysimachia"
"1102","ncbi","3081","Vicia"
"1103","ncbi","587","Cerastium"
"1104","ncbi","1237","Geranium"
"1105","ncbi","1574","Lathyrus"
"1106","ncbi","1191","Galium"
"1107","ncbi","99","Ajuga"
"1108","ncbi","618",NA
"1109","ncbi","2016","Pallenis"
"1110","ncbi","1054","Erodium"
"1111","ncbi","681","Cistus"
"1112","ncbi","1176","Gagea"
"1113","ncbi","2558","Scandix"
"1114","ncbi","975","Echinops"
"1115","ncbi","2904","Thymbra"
"1116","ncbi","2570","Prospero"
"1117","ncbi","1333","Helichrysum"
"1118","ncbi","1343","Heliotropium"
"1119","ncbi","2377","Reseda"
"1120","ncbi","1103","Euphorbia"
"1121","ncbi","819","Crupina"
"1122","ncbi","1434",NA
"1123","ncbi","2576","Scorzonera"
"1124","ncbi","2363",NA
"1125","ncbi","2641","Sherardia"
"1126","ncbi","3040",NA
"1127","ncbi","2023","Papaver"
"1128","ncbi","1340",NA
"1129","ncbi","1239","Geranium"
"1130","ncbi","867","Daucus"
"1131","ncbi","463","Calendula"
"1132","ncbi","1341","Heliotropium"
"1133","ncbi","968","Ebenus"
"1134","ncbi","242","Arisarum"
"1135","ncbi","629","Chondrilla"
"1136","ncbi","2926","Tordylium"
"1137","ncbi","575",NA
"1138","ncbi","2504","Salvia"
"1139","ncbi","798","Crocus"
"1140","ncbi","165","Anemone"
"1141","ncbi","2109","Phagnalon"
"1142","ncbi","2557",NA
"1143","ncbi","1160",NA
"1144","ncbi","1496","Iris"
"1145","ncbi","3061","Veronica"
"1146","ncbi","1028","Erica"
"1147","ncbi","158","Anchusa"
"1148","ncbi","2627","Senecio"
"1149","ncbi","1432","Hypericum"
"1150","ncbi","2880","Teucrium"
"1151","ncbi","839","Cyclamen"
"1152","ncbi","630",NA
"1153","ncbi","168","Anemone"
"1154","ncbi","2541","Scabiosa"
"1155","ncbi","1055","Erodium"
"1156","ncbi","874","Delphinium"
"1157","ncbi","937","Dittrichia"
"1158","ncbi","797","Crocus"
"1159","ncbi","682","Cistus"
"1160","ncbi","639","Glebionis"
"1161","ncbi","1872","Leopoldia"
"1162","ncbi","282","Asphodelus"
"1163","ncbi","1392","Hirschfeldia"
"1164","ncbi","1743",NA
"1165","ncbi","2891","Thapsia"
"1166","ncbi","1973",NA
"1167","ncbi","522","Carduus"
"1168","ncbi","979","Echium"
"1169","ncbi","2938","Tragopogon"
"1170","ncbi","744","Convolvulus"
"1171","ncbi","2687","Sisymbrium"
"1172","ncbi","515","Lepidium"
"1173","ncbi","2122",NA
"1174","ncbi","2523","Satureja"
"1175","ncbi","2900","Thymelaea"
"1176","ncbi","380","Biscutella"
"1177","ncbi","2469","Ruta"
"1178","ncbi","1751","Malva"
"1179","ncbi","1421",NA
"1180","ncbi","2902","Thymelaea"
"1181","ncbi","325","Astragalus"
"1182","ncbi","745","Convolvulus"
"1183","ncbi","2577",NA
"1184","ncbi","16","Acanthus"
"1185","ncbi","1921","Nigella"
"1186","ncbi","969","Ecballium"
"1187","ncbi","2173","Plantago"
"1188","ncbi","119","Allium"
"1189","ncbi","1977","Osyris"
"1190","ncbi","1763","Medicago"
"1191","ncbi","1157","Fritillaria"
"1192","ncbi","1570","Lathyrus"
"1193","ncbi","2573","Scolymus"
"1194","ncbi","358","Bellardia"
"1195","ncbi","1947",NA
"1196","ncbi","3012","Drimia"
"1197","ncbi","1058","Eryngium"
"1198","ncbi","743","Convolvulus"
"1199","ncbi","2958","Trifolium"
"1200","ncbi","108","Alkanna"
"1201","ncbi","1949","Ophrys"
"1202","ncbi","1424","Hypericum"
"1203","ncbi","1057","Eruca"
"1204","ncbi","2503",NA
"1205","ncbi","1159","Fumana"
"1206","ncbi","159","Anchusella"
"1207","ncbi","2771","Stachys"
"1208","ncbi","1873","Muscari"
"1209","ncbi","502","Capparis"
"1210","ncbi","347","Ballota"
"1211","ncbi","2374","Reichardia"
"1212","ncbi","2940",NA
"1213","ncbi","1950","Ophrys"
"1214","ncbi","103","Alcea"
"1215","ncbi","1871",NA
"1216","ncbi","1158","Fumana"
"1217","ncbi","2321","Pterocephalus"
"1218","ncbi","2103","Petrorhagia"
"1219","ncbi","1654","Linum"
"1220","ncbi","114","Allium"
"1221","ncbi","2259","Prasium"
"1222","ncbi","482","Campanula"
"1223","ncbi","1261","Globularia"
"1224","ncbi","359","Bellis"
"1225","ncbi","194","Anthyllis"
"1226","ncbi","1555","Lamium"
"1227","ncbi","2665","Silene"
"1228","ncbi","2808","Sternbergia"
"1229","ncbi","2308","Bituminaria"
"1230","ncbi","1951","Ophrys"
"1231","ncbi","153","Anagallis"
"1232","ncbi","576","Centaurea"
"1233","ncbi","1994","Oxalis"
"1234","ncbi","275","Asparagus"
"1235","ncbi","2518","Sarcopoterium"
"1236","ncbi","856","Daphne"
"1237","ncbi","1580","Lavandula"
"1238","ncbi","466","Calluna"
"1239","ncbi","2459","Rubus"
"1240","ncbi","679","Cistus"
"1241","ncbi","1027","Erica"
"1242","ncbi","1291","Halimium"
"1243","ncbi","1897","Myrtus"
"1244","ncbi","1978","Osyris"
"1245","ncbi","249","Armeria"
"1246","ncbi","2438","Salvia"
"1247","ncbi","2700","Smilax"
"1248","ncbi","276","Asparagus"
"1249","ncbi","2906","Thymus"
"1250","ncbi","1290",NA
"1251","ncbi","616","Chamaerops"
"1252","ncbi","1329",NA
"1253","ncbi","2992","Ulex"
"1254","ncbi","1312",NA
"1255","ncbi","2786","Stauracanthus"
"1256","ncbi","1681","Lonicera"
"1257","ncbi","2118","Phillyrea"
"1258","ncbi","2993","Ulex"
"1259","ncbi","849","Cytisus"
"1260","ncbi","1578","Laurus"
"1261","ncbi","151","Anacyclus"
"1262","ncbi","1230","Geranium"
"1263","ncbi","560","Cedronella"
"1264","ncbi","1181","Galactites"
"1265","ncbi","164","Andryala"
"1266","ncbi","981","Echium"
"1267","ncbi","49",NA
"1268","ncbi","2346",NA
"1269","ncbi","1025","Erica"
"1270","ncbi","2623",NA
"1271","ncbi","2370","Raphanus"
"1272","ncbi","2738",NA
"1273","ncbi","95","Aichryson"
"1274","ncbi","680","Cistus"
"1275","ncbi","2741","Sonchus"
"1276","ncbi","1426","Hypericum"
"1277","ncbi","1591","Leontodon"
"1278","ncbi","2149","Picconia"
"1279","ncbi","2310",NA
"1280","ncbi","523","Carduus"
"1281","ncbi","204",NA
"1282","ncbi","234",NA
"1283","ncbi","1458",NA
"1284","ncbi","3113","Viola"
"1285","ncbi","2384","Rhamnus"
"1286","ncbi","2667","Silene"
"1287","ncbi","89",NA
"1288","ncbi","1520","Jasione"
"1289","ncbi","1530","Jurinea"
"1290","ncbi","50","Adenocarpus"
"1291","ncbi","1216","Gentiana"
"1292","ncbi","1389",NA
"1293","ncbi","247","Armeria"
"1294","ncbi","2617","Senecio"
"1295","ncbi","2908","Thymus"
"1296","ncbi","2664","Silene"
"1297","ncbi","1124","Euphrasia"
"1298","ncbi","2735","Solidago"
"1299","ncbi","850","Cytisus"
"1300","ncbi","1375",NA
"1301","ncbi","381",NA
"1302","ncbi","1376",NA
"1303","ncbi","2285",NA
"1304","ncbi","2243","Potentilla"
"1305","ncbi","2470",NA
"1306","ncbi","1220","Gentiana"
"1307","ncbi","2886","Thalictrum"
"1308","ncbi","2072",NA
"1309","ncbi","1229","Geranium"
"1310","ncbi","2446","Rubus"
"1311","ncbi","2250","Potentilla"
"1312","ncbi","2584","Scutellaria"
"1313","ncbi","2078",NA
"1314","ncbi","2096",NA
"1315","ncbi","1396",NA
"1316","ncbi","550",NA
"1317","ncbi","615",NA
"1318","ncbi","1453",NA
"1319","ncbi","2424","Rosa"
"1320","ncbi","2080",NA
"1321","ncbi","521",NA
"1322","ncbi","2075","Penstemon"
"1323","ncbi","1952",NA
"1324","ncbi","2079",NA
"1325","ncbi","1039",NA
"1326","ncbi","875",NA
"1327","ncbi","2595","Sedum"
"1328","ncbi","470","Caltha"
"1329","ncbi","263",NA
"1330","ncbi","1151","Frasera"
"1331","ncbi","1801","Mertensia"
"1332","ncbi","2660",NA
"1333","ncbi","1236",NA
"1334","ncbi","2895","Thermopsis"
"1335","ncbi","486","Campanula"
"1336","ncbi","467",NA
"1337","ncbi","321",NA
"1338","ncbi","1061","Erysimum"
"1339","ncbi","2458",NA
"1340","ncbi","2782",NA
"1341","ncbi","498",NA
"1342","ncbi","2297","Prunus"
"1343","ncbi","1800","Mertensia"
"1344","ncbi","2661",NA
"1345","ncbi","38","Aconitum"
"1346","ncbi","2107","Phacelia"
"1347","ncbi","2232","Drymocallis"
"1348","ncbi","208","Aquilegia"
"1349","ncbi","1519","Jamesia"
"1350","ncbi","2097","Dalea"
"1351","ncbi","2061","Pedicularis"
"1352","ncbi","645","Heterotheca"
"1353","ncbi","294","Symphyotrichum"
"1354","ncbi","861",NA
"1355","ncbi","2076",NA
"1356","ncbi","2951","Trifolium"
"1357","ncbi","1560",NA
"1358","ncbi","266","Asclepias"
"1359","ncbi","2062","Pedicularis"
"1360","ncbi","2143","Physaria"
"1361","ncbi","115",NA
"1362","ncbi","2206","Bistorta"
"1363","ncbi","1752",NA
"1364","ncbi","1794","Mentzelia"
"1365","ncbi","1494","Iris"
"1366","ncbi","1573",NA
"1367","ncbi","3024","Valeriana"
"1368","ncbi","964","Drymocallis"
"1369","ncbi","1255","Ipomopsis"
"1370","ncbi","993","Pedicularis"
"1371","ncbi","1967","Oreochrysum"
"1372","ncbi","1946",NA
"1373","ncbi","217",NA
"1374","ncbi","700","Cleomella"
"1375","ncbi","1146","Fragaria"
"1376","ncbi","698",NA
"1377","ncbi","2010",NA
"1378","ncbi","946","Draba"
"1379","ncbi","1045","Erigeron"
"1380","ncbi","205","Aquilegia"
"1381","ncbi","223",NA
"1382","ncbi","2669",NA
"1383","ncbi","1189","Galium"
"1384","ncbi","1321","Helianthus"
"1385","ncbi","2292",NA
"1386","ncbi","2962","Trillium"
"1387","ncbi","772","Cornus"
"1388","ncbi","1742","Maianthemum"
"1389","ncbi","1993","Oxalis"
"1390","ncbi","1650","Linnaea"
"1391","ncbi","718","Clintonia"
"1392","ncbi","219","Aralia"
"1393","ncbi","2947","Trientalis"
"1394","ncbi","624","Chimaphila"
"1395","ncbi","2331","Orthilia"
"1396","ncbi","845","Cypripedium"
"1397","ncbi","1761","Medeola"
"1398","ncbi","197",NA
"1399","ncbi","621","Chassalia"
"1400","ncbi","956","Dracaena"
"1401","ncbi","942","Doratoxylon"
"1402","ncbi","2170",NA
"1403","ncbi","2020",NA
"1404","ncbi","1207","Geniostoma"
"1405","ncbi","2656","Sideroxylon"
"1406","ncbi","3151","Xysmalobium"
"1407","ncbi","2009","Pachycarpus"
"1408","ncbi","262","Asclepias"
"1409","ncbi","2688","Sisyranthus"
"1410","ncbi","3152","Xysmalobium"
"1411","ncbi","283","Aspidonepsis"
"1412","ncbi","271","Asclepias"
"1413","ncbi","1840","Miraglossum"
"1414","ncbi","1839","Miraglossum"
"1415","ncbi","191","Anthriscus"
"1416","ncbi","438",NA
"1417","ncbi","2293","Prunus"
"1418","ncbi","1403",NA
"1419","ncbi","1603","Lespedeza"
"1420","ncbi","2287","Prunus"
"1421","ncbi","2946","Tricyrtis"
"1422","ncbi","2826","Cornus"
"1423","ncbi","1723","Lysimachia"
"1424","ncbi","737","Commelina"
"1425","ncbi","2092","Persicaria"
"1426","ncbi","2659","Sigesbeckia"
"1427","ncbi","2408","Toxicodendron"
"1428","ncbi","2482","Salix"
"1429","ncbi","2454","Rubus"
"1430","ncbi","1739","Magnolia"
"1431","ncbi","2113","Phellodendron"
"1432","ncbi","779",NA
"1433","ncbi","258","Aruncus"
"1434","ncbi","546","Castanea"
"1435","ncbi","3116","Viola"
"1436","ncbi","2286","Prunus"
"1437","ncbi","2451",NA
"1438","ncbi","3102","Viola"
"1439","ncbi","2768","Spuriopimpinella"
"1440","ncbi","2450","Rubus"
"1441","ncbi","1019","Epimedium"
"1442","ncbi","663",NA
"1443","ncbi","52","Adenocaulon"
"1444","ncbi","1087",NA
"1445","ncbi","2201",NA
"1446","ncbi","79","Aesculus"
"1447","ncbi","1992","Oxalis"
"1448","ncbi","531","Tripora"
"1449","ncbi","330","Aucuba"
"1450","ncbi","361",NA
"1451","ncbi","529","Carpesium"
"1452","ncbi","2101","Petasites"
"1453","ncbi","2431","Rosa"
"1454","ncbi","662","Cirsium"
"1455","ncbi","2500","Salvia"
"1456","ncbi","2967","Tripterospermum"
"1457","ncbi","936","Disporum"
"1458","ncbi","21","Acer"
"1459","ncbi","3100","Viola"
"1460","ncbi","188","Persicaria"
"1461","ncbi","96","Ainsliaea"
"1462","ncbi","1896","Myrteola"
"1463","ncbi","1077","Eucryphia"
"1464","ncbi","1702","Luma"
"1465","ncbi","2388","Rhaphithamnus"
"1466","ncbi","1886",NA
"1467","ncbi","142","Amomyrtus"
"1468","ncbi","141","Amomyrtus"
"1469","ncbi","2873","Metrosideros"
"1470","ncbi","1254","Gevuina"
"1471","ncbi","1841","Mitraria"
"1472","ncbi","1887","Myrceugenia"
"1473","ncbi","2990","Ugni"
"1474","ncbi","1412","Hydrangea"
"1475","ncbi","1888","Myrceugenia"
"1476","ncbi","363","Berberis"
"1477","ncbi","1708","Luzuriaga"
"1478","ncbi","1982",NA
"1479","ncbi","459","Caldcluvia"
"1480","ncbi","152","Anagallis"
"1481","ncbi","313","Asteranthera"
"1482","ncbi","999","Embothrium"
"1483","ncbi","364","Berberis"
"1484","ncbi","1203","Gaultheria"
"1485","ncbi","1707","Luzuriaga"
"1486","ncbi","2989","Ugni"
"1487","ncbi","1202","Gaultheria"
"1488","ncbi","3017","Vaccinium"
"1489","ncbi","1585","Rhododendron"
"1490","ncbi","1536","Kalmia"
"1491","ncbi","254","Aronia"
"1492","ncbi","2698","Maianthemum"
"1493","ncbi","1206","Gaylussacia"
"1494","ncbi","1909",NA
"1495","ncbi","613","Chamaedaphne"
"1496","ncbi","2759","Spiraea"
"1497","ncbi","2480","Salix"
"1498","ncbi","160",NA
"1499","ncbi","1537","Kalmia"
"1500","ncbi","469",NA
"1501","ncbi","1388","Hieracium"
"1502","ncbi","2821","Succisa"
"1503","ncbi","1029","Erica"
"1504","ncbi","1436","Hypochaeris"
"1505","ncbi","2488","Salix"
"1506","ncbi","1008","Chamaenerion"
"1507","ncbi","252","Arnica"
"1508","ncbi","1380","Pilosella"
"1509","ncbi","3018","Vaccinium"
"1510","ncbi","2478","Salix"
"1511","ncbi","1209","Genista"
"1512","ncbi","1194","Galium"
"1513","ncbi","2948","Trientalis"
"1514","ncbi","2870",NA
"1515","ncbi","851","Cytisus"
"1516","ncbi","3022","Vaccinium"
"1517","ncbi","2746",NA
"1518","ncbi","1210","Genista"
"1519","ncbi","1184",NA
"1520","ncbi","1387",NA
"1521","ncbi","1542","Knautia"
"1522","ncbi","1001","Empetrum"
"1523","ncbi","2291","Prunus"
"1524","ncbi","2575",NA
"1525","ncbi","1615","Leucanthemum"
"1526","ncbi","3086","Vicia"
"1527","ncbi","2952","Trifolium"
"1528","ncbi","2174","Plantago"
"1529","ncbi","1685","Lotus"
"1530","ncbi","574","Centaurea"
"1531","ncbi","657","Cirsium"
"1532","ncbi","2477","Salix"
"1533","ncbi","135","Lobularia"
"1534","ncbi","2742",NA
"1535","ncbi","2901",NA
"1536","ncbi","80",NA
"1537","ncbi","1569",NA
"1538","ncbi","1102",NA
"1539","ncbi","3013",NA
"1540","ncbi","678","Cistus"
"1541","ncbi","1653",NA
"1542","ncbi","3078",NA
"1543","ncbi","943",NA
"1544","ncbi","3002",NA
"1545","ncbi","2999",NA
"1546","ncbi","879",NA
"1547","ncbi","3000",NA
"1548","ncbi","3001",NA
"1549","ncbi","878","Dendropanax"
"1550","ncbi","1811",NA
"1551","ncbi","2752","Spermacoce"
"1552","ncbi","2102",NA
"1553","ncbi","3005",NA
"1554","ncbi","3008",NA
"1555","ncbi","2998",NA
"1556","ncbi","2225","Portlandia"
"1557","ncbi","3004",NA
"1558","ncbi","2154",NA
"1559","ncbi","432",NA
"1560","ncbi","3009",NA
"1561","ncbi","386","Blakea"
"1562","ncbi","1468","Impatiens"
"1563","ncbi","2153",NA
"1564","ncbi","3006",NA
"1565","ncbi","2305",NA
"1566","ncbi","1280",NA
"1567","ncbi","68",NA
"1568","ncbi","2937","Tradescantia"
"1569","ncbi","1907","Damburneya"
"1570","ncbi","3129",NA
"1571","ncbi","2039",NA
"1572","ncbi","3003",NA
"1573","ncbi","2736",NA
"1574","ncbi","649","Actaea"
"1575","ncbi","1141",NA
"1576","ncbi","3067",NA
"1577","ncbi","1749","Malus"
"1578","ncbi","2613","Senecio"
"1579","ncbi","1086","Euonymus"
"1580","ncbi","2887",NA
"1581","ncbi","94","Agrostis"
"1582","ncbi","212","Arabis"
"1583","ncbi","1983","Oxalis"
"1584","ncbi","2290","Prunus"
"1585","ncbi","2636",NA
"1586","ncbi","1120","Euphrasia"
"1587","ncbi","1678","Lonicera"
"1588","ncbi","206","Aquilegia"
"1589","ncbi","2974","Trollius"
"1590","ncbi","840","Cynanchum"
"1591","ncbi","2330","Pyrola"
"1592","ncbi","2861",NA
"1593","ncbi","2456","Rubus"
"1594","ncbi","3070","Viburnum"
"1595","ncbi","2116","Philadelphus"
"1596","ncbi","2350","Ranunculus"
"1597","ncbi","1499","Iris"
"1598","ncbi","2063","Pedicularis"
"1599","ncbi","3072","Viburnum"
"1600","ncbi","1091",NA
"1601","ncbi","1233",NA
"1602","ncbi","23","Acer"
"1603","ncbi","2841",NA
"1604","ncbi","1628","Libanotis"
"1605","ncbi","2602","Jacobaea"
"1606","ncbi","3036",NA
"1607","ncbi","989",NA
"1608","ncbi","19","Acer"
"1609","ncbi","3137","Weigela"
"1610","ncbi","713",NA
"1611","ncbi","1145","Fragaria"
"1612","ncbi","2186",NA
"1613","ncbi","214",NA
"1614","ncbi","904",NA
"1615","ncbi","660",NA
"1616","ncbi","1003","Enkianthus"
"1617","ncbi","24","Acer"
"1618","ncbi","154","Anaphalis"
"1619","ncbi","2745","Sorbus"
"1620","ncbi","614","Chamaenerion"
"1621","ncbi","1710",NA
"1622","ncbi","1630","Ligularia"
"1623","ncbi","2422","Rodgersia"
"1624","ncbi","439",NA
"1625","ncbi","2544","Scabiosa"
"1626","ncbi","2449",NA
"1627","ncbi","2200","Polygonatum"
"1628","ncbi","40",NA
"1629","ncbi","25","Achillea"
"1630","ncbi","2590","Phedimus"
"1631","ncbi","846","Cypripedium"
"1632","ncbi","2289","Prunus"
"1633","ncbi","2400","Rhododendron"
"1634","ncbi","2240","Potentilla"
"1635","ncbi","436",NA
"1636","ncbi","484","Campanula"
"1637","ncbi","2417","Ribes"
"1638","ncbi","1400","Hosta"
"1639","ncbi","1283","Gymnadenia"
"1640","ncbi","2328","Pyrola"
"1641","ncbi","56","Adenophora"
"1642","ncbi","2043",NA
"1643","ncbi","2151",NA
"1644","ncbi","3037","Veratrum"
"1645","ncbi","44","Aconitum"
"1646","ncbi","1795","Menziesia"
"1647","ncbi","2301","Pseudostellaria"
"1648","ncbi","2391","Rhododendron"
"1649","ncbi","1399","Hosta"
"1650","ncbi","2093","Persicaria"
"1651","ncbi","2237","Potentilla"
"1652","ncbi","1721",NA
"1653","ncbi","2616","Tephroseris"
"1654","ncbi","1511",NA
"1655","ncbi","1129",NA
"1656","ncbi","1093","Eupatorium"
"1657","ncbi","1413","Hydrocharis"
"1658","ncbi","1729","Lythrum"
"1659","ncbi","2474","Sagittaria"
"1660","ncbi","1863",NA
"1661","ncbi","1500",NA
"1662","ncbi","2131","Phragmites"
"1663","ncbi","1853","Monochoria"
"1664","ncbi","1533","Justicia"
"1665","ncbi","514",NA
"1666","ncbi","2571","Schoenoplectus"
"1667","ncbi","2987","Typha"
"1668","ncbi","2862","Taraxacum"
"1669","ncbi","1936","Oenanthe"
"1670","ncbi","1644",NA
"1671","ncbi","1587",NA
"1672","ncbi","1724","Lysimachia"
"1673","ncbi","2501","Salvia"
"1674","ncbi","2714","Solanum"
"1675","ncbi","2271",NA
"1676","ncbi","1852","Monochoria"
"1677","ncbi","2090",NA
"1678","ncbi","1930","Nymphaea"
"1679","ncbi","2088",NA
"1680","ncbi","1504","Isachne"
"1681","ncbi","105","Alisma"
"1682","ncbi","2317",NA
"1683","ncbi","1868","Murdannia"
"1684","ncbi","1551","Lactuca"
"1685","ncbi","107",NA
"1686","ncbi","671",NA
"1687","ncbi","1697",NA
"1688","ncbi","72","Aeschynomene"
"1689","ncbi","1649","Lindernia"
"1690","ncbi","1425","Hypericum"
"1691","ncbi","2432",NA
"1692","ncbi","1602","Leptospermum"
"1693","ncbi","1302","Veronica"
"1694","ncbi","2366","Raoulia"
"1695","ncbi","569",NA
"1696","ncbi","1300","Veronica"
"1697","ncbi","1382",NA
"1698","ncbi","1193",NA
"1699","ncbi","958","Dracophyllum"
"1700","ncbi","2261","Pratia"
"1701","ncbi","2262","Lobelia"
"1702","ncbi","542",NA
"1703","ncbi","1123","Euphrasia"
"1704","ncbi","1298","Veronica"
"1705","ncbi","941","Donatia"
"1706","ncbi","564",NA
"1707","ncbi","1016",NA
"1708","ncbi","3127","Wahlenbergia"
"1709","ncbi","960",NA
"1710","ncbi","3098","Viola"
"1711","ncbi","2158","Pimelea"
"1712","ncbi","1332","Helichrysum"
"1713","ncbi","2135","Phyllachne"
"1714","ncbi","408",NA
"1715","ncbi","2369","Raoulia"
"1716","ncbi","783",NA
"1717","ncbi","1865","Muehlenbeckia"
"1718","ncbi","1433","Hypochaeris"
"1719","ncbi","35",NA
"1720","ncbi","1192","Galium"
"1721","ncbi","785","Craspedia"
"1722","ncbi","571",NA
"1723","ncbi","1980","Ourisia"
"1724","ncbi","566",NA
"1725","ncbi","1125",NA
"1726","ncbi","1299","Veronica"
"1727","ncbi","182","Anisotome"
"1728","ncbi","1328","Anaphalioides"
"1729","ncbi","2026","Veronica"
"1730","ncbi","2347","Ranunculus"
"1731","ncbi","1621","Leucogenes"
"1732","ncbi","1251",NA
"1733","ncbi","570",NA
"1734","ncbi","1217",NA
"1735","ncbi","565","Celmisia"
"1736","ncbi","183",NA
"1737","ncbi","568",NA
"1738","ncbi","2618",NA
"1739","ncbi","563",NA
"1740","ncbi","1394","Hoheria"
"1741","ncbi","2600",NA
"1742","ncbi","541",NA
"1743","ncbi","1214",NA
"1744","ncbi","2599",NA
"1745","ncbi","562","Celmisia"
"1746","ncbi","2027",NA
"1747","ncbi","2351",NA
"1748","ncbi","1981","Ourisia"
"1749","ncbi","1301","Veronica"
"1750","ncbi","982","Echium"
"1751","ncbi","959",NA
"1752","ncbi","777","Corokia"
"1753","ncbi","933","Discaria"
"1754","ncbi","37",NA
"1755","ncbi","1297",NA
"1756","ncbi","1944","Olearia"
"1757","ncbi","540",NA
"1758","ncbi","1866","Muehlenbeckia"
"1759","ncbi","528",NA
"1760","ncbi","2157",NA
"1761","ncbi","2433","Rosa"
"1762","ncbi","1508","Isotoma"
"1763","ncbi","2231","Potentilla"
"1764","ncbi","2367",NA
"1765","ncbi","2368",NA
"1766","ncbi","1015",NA
"1767","ncbi","3038",NA
"1768","ncbi","411",NA
"1769","ncbi","1705","Lupinus"
"1770","ncbi","909","Digitalis"
"1771","ncbi","1651","Linum"
"1772","ncbi","2609",NA
"1773","ncbi","1012","Epilobium"
"1774","ncbi","2965",NA
"1775","ncbi","3082","Vicia"
"1776","ncbi","1774","Melilotus"
"1777","ncbi","2774","Stachys"
"1778","ncbi","603","Chaerophyllum"
"1779","ncbi","641","Leucanthemum"
"1780","ncbi","2857","Tanacetum"
"1781","ncbi","864","Daucus"
"1782","ncbi","1562","Lapsana"
"1783","ncbi","2356","Ranunculus"
"1784","ncbi","70","Aegopodium"
"1785","ncbi","588","Cerastium"
"1786","ncbi","1429","Hypericum"
"1787","ncbi","2740","Sonchus"
"1788","ncbi","2737","Sonchus"
"1789","ncbi","3054","Veronica"
"1790","ncbi","1089","Eupatorium"
"1791","ncbi","116","Allium"
"1792","ncbi","1526","Juncus"
"1793","ncbi","474","Calystegia"
"1794","ncbi","112","Allium"
"1795","ncbi","1121","Euphrasia"
"1796","ncbi","520","Carduus"
"1797","ncbi","2545","Scabiosa"
"1798","ncbi","1636","Ligusticum"
"1799","ncbi","2352","Ranunculus"
"1800","ncbi","2596","Jacobaea"
"1801","ncbi","487","Campanula"
"1802","ncbi","1589","Leontodon"
"1803","ncbi","195","Anthyllis"
"1804","ncbi","2145","Phyteuma"
"1805","ncbi","426","Buphthalmum"
"1806","ncbi","1314","Helianthemum"
"1807","ncbi","373","Stachys"
"1808","ncbi","291","Aster"
"1809","ncbi","2273","Primula"
"1810","ncbi","1351","Heracleum"
"1811","ncbi","1225","Gentianella"
"1812","ncbi","26","Achillea"
"1813","ncbi","601","Chaerophyllum"
"1814","ncbi","1378",NA
"1815","ncbi","382","Biscutella"
"1816","ncbi","1038",NA
"1817","ncbi","1383",NA
"1818","ncbi","2233","Potentilla"
"1819","ncbi","1242","Geranium"
"1820","ncbi","1384",NA
"1821","ncbi","1427","Hypericum"
"1822","ncbi","2389","Rhinanthus"
"1823","ncbi","1286","Gypsophila"
"1824","ncbi","161","Androsace"
"1825","ncbi","1186","Galium"
"1826","ncbi","2176","Plantago"
"1827","ncbi","2272","Primula"
"1828","ncbi","792","Crepis"
"1829","ncbi","33","Clinopodium"
"1830","ncbi","1381","Hieracium"
"1831","ncbi","526","Carlina"
"1832","ncbi","1882","Myosotis"
"1833","ncbi","1592","Leontopodium"
"1834","ncbi","1385",NA
"1835","ncbi","1768",NA
"1836","ncbi","585","Cerastium"
"1837","ncbi","944","Draba"
"1838","ncbi","725","Cochlearia"
"1839","ncbi","2246","Potentilla"
"1840","ncbi","248","Armeria"
"1841","ncbi","2535","Micranthes"
"1842","ncbi","950","Draba"
"1843","ncbi","230","Arenaria"
"1844","ncbi","2866","Taraxacum"
"1845","ncbi","2532","Saxifraga"
"1846","ncbi","2057","Pedicularis"
"1847","ncbi","2364","Ranunculus"
"1848","ncbi","251","Arnica"
"1849","ncbi","963",NA
"1850","ncbi","2024",NA
"1851","ncbi","1014",NA
"1852","ncbi","2491",NA
"1853","ncbi","2253",NA
"1854","ncbi","1712",NA
"1855","ncbi","947","Draba"
"1856","ncbi","416",NA
"1857","ncbi","2800",NA
"1858","ncbi","1064",NA
"1859","ncbi","2538",NA
"1860","ncbi","2066",NA
"1861","ncbi","2868",NA
"1862","ncbi","2533","Saxifraga"
"1863","ncbi","253",NA
"1864","ncbi","1043",NA
"1865","ncbi","951","Draba"
"1866","ncbi","2671",NA
"1867","ncbi","948","Draba"
"1868","ncbi","2481","Salix"
"1869","ncbi","2058","Pedicularis"
"1870","ncbi","2793",NA
"1871","ncbi","2540",NA
"1872","ncbi","2922","Tofieldia"
"1873","ncbi","316","Astragalus"
"1874","ncbi","854","Dalea"
"1875","ncbi","2834","Symphyotrichum"
"1876","ncbi","2830","Symphoricarpos"
"1877","ncbi","855","Dalea"
"1878","ncbi","145","Amorpha"
"1879","ncbi","3080","Vicia"
"1880","ncbi","2832",NA
"1881","ncbi","2425","Rosa"
"1882","ncbi","2068","Pediomelum"
"1883","ncbi","2833","Symphyotrichum"
"1884","ncbi","2835","Symphyotrichum"
"1885","ncbi","1037","Erigeron"
"1886","ncbi","1363",NA
"1887","ncbi","1625","Liatris"
"1888","ncbi","2727","Solidago"
"1889","ncbi","3158","Zizia"
"1890","ncbi","1324",NA
"1891","ncbi","1319","Helianthus"
"1892","ncbi","2014",NA
"1893","ncbi","1756","Manihot"
"1894","ncbi","1185",NA
"1895","ncbi","1023","Erechtites"
"1896","ncbi","32","Achyrocline"
"1897","ncbi","2755",NA
"1898","ncbi","1052","Eriotheca"
"1899","ncbi","2562","Schefflera"
"1900","ncbi","816",NA
"1901","ncbi","1488",NA
"1902","ncbi","1995",NA
"1903","ncbi","1076","Erythroxylum"
"1904","ncbi","2694","Sisyrinchium"
"1905","ncbi","1444","Hyptis"
"1906","ncbi","2497","Salvia"
"1907","ncbi","811",NA
"1908","ncbi","637","Chromolaena"
"1909","ncbi","109","Allagoptera"
"1910","ncbi","1610",NA
"1911","ncbi","634",NA
"1912","ncbi","1818","Mikania"
"1913","ncbi","749","Conyza"
"1914","ncbi","1179","Galactia"
"1915","ncbi","1598","Lepidaploa"
"1916","ncbi","817",NA
"1917","ncbi","1454",NA
"1918","ncbi","1134",NA
"1919","ncbi","1450","Hyptis"
"1920","ncbi","2635",NA
"1921","ncbi","1115","Euphorbia"
"1922","ncbi","1271","Gomphrena"
"1923","ncbi","2281","Protium"
"1924","ncbi","1609","Lessingianthus"
"1925","ncbi","3052",NA
"1926","ncbi","635",NA
"1927","ncbi","2263","Praxelis"
"1928","ncbi","826","Cuphea"
"1929","ncbi","2165","Piptocarpha"
"1930","ncbi","1024","Eremanthus"
"1931","ncbi","813",NA
"1932","ncbi","2420","Riencourtia"
"1933","ncbi","920","Diospyros"
"1934","ncbi","1439","Hyptis"
"1935","ncbi","636",NA
"1936","ncbi","462",NA
"1937","ncbi","1755","Mandevilla"
"1938","ncbi","172","Anemopaegma"
"1939","ncbi","994","Elephantopus"
"1940","ncbi","2264","Praxelis"
"1941","ncbi","1441","Cyanocephalus"
"1942","ncbi","967","Duguetia"
"1943","ncbi","1828","Mimosa"
"1944","ncbi","284",NA
"1945","ncbi","2983",NA
"1946","ncbi","2683","Siphanthera"
"1947","ncbi","3093",NA
"1948","ncbi","533","Casearia"
"1949","ncbi","644",NA
"1950","ncbi","421",NA
"1951","ncbi","1361",NA
"1952","ncbi","3130",NA
"1953","ncbi","1094",NA
"1954","ncbi","1487",NA
"1955","ncbi","2373","Rauvolfia"
"1956","ncbi","853","Dalbergia"
"1957","ncbi","631",NA
"1958","ncbi","1071","Erythroxylum"
"1959","ncbi","1889","Myrcia"
"1960","ncbi","632",NA
"1961","ncbi","915",NA
"1962","ncbi","914","Dimerostemma"
"1963","ncbi","2815","Stryphnodendron"
"1964","ncbi","2069","Peltodon"
"1965","ncbi","1448",NA
"1966","ncbi","460",NA
"1967","ncbi","3125",NA
"1968","ncbi","1455",NA
"1969","ncbi","489","Campomanesia"
"1970","ncbi","1611",NA
"1971","ncbi","871","Deianira"
"1972","ncbi","1826","Mimosa"
"1973","ncbi","490",NA
"1974","ncbi","1449",NA
"1975","ncbi","675","Cissus"
"1976","ncbi","1825","Mimosa"
"1977","ncbi","805",NA
"1978","ncbi","2257","Pouteria"
"1979","ncbi","2194",NA
"1980","ncbi","1133",NA
"1981","ncbi","868","Davilla"
"1982","ncbi","1890",NA
"1983","ncbi","1832","Mimosa"
"1984","ncbi","2681","Sipanea"
"1985","ncbi","185",NA
"1986","ncbi","2382","Rhabdocaulon"
"1987","ncbi","1447",NA
"1988","ncbi","1827","Mimosa"
"1989","ncbi","674","Cissampelos"
"1990","ncbi","2925","Tontelea"
"1991","ncbi","1891","Myrcia"
"1992","ncbi","2306",NA
"1993","ncbi","1979","Ouratea"
"1994","ncbi","885","Desmodium"
"1995","ncbi","1880","Ixora"
"1996","ncbi","2303","Psidium"
"1997","ncbi","1397","Homalanthus"
"1998","ncbi","42","Aconitum"
"1999","ncbi","1398","Homogyne"
"2000","ncbi","1398","Homogyne"
"2001","ncbi","1398","Homogyne"
"2002","ncbi","57","Adenostyles"
"2003","ncbi","2345","Ranunculus"
"2004","ncbi","1543","Knautia"
"2005","ncbi","1310",NA
"2006","ncbi","81","Aethusa"
"2007","ncbi","793","Crepis"
"2008","ncbi","697","Clematis"
"2009","ncbi","91","Agrimonia"
"2010","ncbi","617","Chamaenerion"
"2011","ncbi","1588","Scorzoneroides"
"2012","ncbi","2447","Rubus"
"2013","ncbi","1590","Leontodon"
"2014","ncbi","3031","Valeriana"
"2015","ncbi","481","Campanula"
"2016","ncbi","2530","Saxifraga"
"2017","ncbi","309",NA
"2018","ncbi","1226","Gentianopsis"
"2019","ncbi","1026","Erica"
"2020","ncbi","2923","Chlorocrepis"
"2021","ncbi","1262","Globularia"
"2022","ncbi","1377","Hieracium"
"2023","ncbi","1223","Gentiana"
"2024","ncbi","1379","Hieracium"
"2025","ncbi","2189","Polygala"
"2026","ncbi","2921","Tofieldia"
"2027","ncbi","192","Anthriscus"
"2028","ncbi","3028","Valeriana"
"2029","ncbi","3053",NA
"2030","ncbi","612",NA
"2031","ncbi","1282","Guettarda"
"2032","ncbi","761","Cordia"
"2033","ncbi","807","Croton"
"2034","ncbi","3134",NA
"2035","ncbi","765",NA
"2036","ncbi","3136","Sphagneticola"
"2037","ncbi","1490","Ipomoea"
"2038","ncbi","776","Cornutia"
"2039","ncbi","1823","Mimosa"
"2040","ncbi","3007",NA
"2041","ncbi","1813","Miconia"
"2042","ncbi","724",NA
"2043","ncbi","1935",NA
"2044","ncbi","464","Calliandra"
"2045","ncbi","1557","Lantana"
"2046","ncbi","1990","Oxalis"
"2047","ncbi","1700","Ludwigia"
"2048","ncbi","2015","Palicourea"
"2049","ncbi","1273",NA
"2050","ncbi","433","Byrsonima"
"2051","ncbi","858","Daphnopsis"
"2052","ncbi","581","Centrosema"
"2053","ncbi","884","Desmodium"
"2054","ncbi","1984","Oxalis"
"2055","ncbi","2878","Tetrazygia"
"2056","ncbi","2811","Stigmaphyllon"
"2057","ncbi","2120","Philoxerus"
"2058","ncbi","1859","Morinda"
"2059","ncbi","429","Bursera"
"2060","ncbi","239","Argythamnia"
"2061","ncbi","742","Conocarpus"
"2062","ncbi","3049","Cyanthillium"
"2063","ncbi","985","Ehretia"
"2064","ncbi","676",NA
"2065","ncbi","1131","Evolvulus"
"2066","ncbi","2758","Spilanthes"
"2067","ncbi","2984","Turnera"
"2068","ncbi","1477","Ipomoea"
"2069","ncbi","539",NA
"2070","ncbi","2168","Piscidia"
"2071","ncbi","401",NA
"2072","ncbi","1778","Melochia"
"2073","ncbi","1797","Camonea"
"2074","ncbi","1819","Mikania"
"2075","ncbi","756","Cordia"
"2076","ncbi","1471","Indigofera"
"2077","ncbi","804","Crotalaria"
"2078","ncbi","388","Ruellia"
"2079","ncbi","2778","Stachytarpheta"
"2080","ncbi","1095","Chromolaena"
"2081","ncbi","2899","Thunbergia"
"2082","ncbi","2713","Solanum"
"2083","ncbi","425",NA
"2084","ncbi","757",NA
"2085","ncbi","763","Cordia"
"2086","ncbi","536","Senna"
"2087","ncbi","132","Alternanthera"
"2088","ncbi","2520",NA
"2089","ncbi","2138","Physalis"
"2090","ncbi","3011",NA
"2091","ncbi","1110","Euphorbia"
"2092","ncbi","755",NA
"2093","ncbi","2710","Solanum"
"2094","ncbi","272",NA
"2095","ncbi","404","Bourreria"
"2096","ncbi","2719","Solanum"
"2097","ncbi","354","Bauhinia"
"2098","ncbi","1517","Jacquinia"
"2099","ncbi","500",NA
"2100","ncbi","420","Broughtonia"
"2101","ncbi","331","Avicennia"
"2102","ncbi","504","Capraria"
"2103","ncbi","1111","Euphorbia"
"2104","ncbi","430",NA
"2105","ncbi","1281","Guazuma"
"2106","ncbi","2638","Sesuvium"
"2107","ncbi","1746","Malpighia"
"2108","ncbi","1830","Mimosa"
"2109","ncbi","2380","Rhabdadenia"
"2110","ncbi","1658","Phyla"
"2111","ncbi","2045","Paullinia"
"2112","ncbi","434","Cabomba"
"2113","ncbi","1779",NA
"2114","ncbi","971","Echinodorus"
"2115","ncbi","14",NA
"2116","ncbi","1445",NA
"2117","ncbi","2850","Handroanthus"
"2118","ncbi","1478","Ipomoea"
"2119","ncbi","1698",NA
"2120","ncbi","986","Eichhornia"
"2121","ncbi","1781",NA
"2122","ncbi","1894",NA
"2123","ncbi","1162","Funastrum"
"2124","ncbi","184",NA
"2125","ncbi","677","Cissus"
"2126","ncbi","987","Eichhornia"
"2127","ncbi","2418","Richardia"
"2128","ncbi","2753","Borreria"
"2129","ncbi","431","Byrsonima"
"2130","ncbi","2516",NA
"2131","ncbi","2810","Stigmaphyllon"
"2132","ncbi","1416",NA
"2133","ncbi","801","Crotalaria"
"2134","ncbi","1075",NA
"2135","ncbi","1342","Heliotropium"
"2136","ncbi","2756",NA
"2137","ncbi","2311","Psychotria"
"2138","ncbi","2136","Phyllanthus"
"2139","ncbi","1473","Inga"
"2140","ncbi","2651",NA
"2141","ncbi","2712","Solanum"
"2142","ncbi","181","Aniseia"
"2143","ncbi","723",NA
"2144","ncbi","831",NA
"2145","ncbi","2208",NA
"2146","ncbi","830",NA
"2147","ncbi","1132",NA
"2148","ncbi","2198",NA
"2149","ncbi","227",NA
"2150","ncbi","818",NA
"2151","ncbi","751","Corchorus"
"2152","ncbi","71","Aeschynomene"
"2153","ncbi","2874","Teramnus"
"2154","ncbi","739",NA
"2155","ncbi","1696",NA
"2156","ncbi","1532",NA
"2157","ncbi","1288",NA
"2158","ncbi","2038","Passiflora"
"2159","ncbi","3090","Vigna"
"2160","ncbi","1815",NA
"2161","ncbi","2192",NA
"2162","ncbi","2372","Rauvolfia"
"2163","ncbi","580",NA
"2164","ncbi","2629",NA
"2165","ncbi","1059","Eryngium"
"2166","ncbi","2203",NA
"2167","ncbi","345","Baillonia"
"2168","ncbi","1336","Helicteres"
"2169","ncbi","1470",NA
"2170","ncbi","1208","Genipa"
"2171","ncbi","2631","Senna"
"2172","ncbi","1370",NA
"2173","ncbi","1701","Ludwigia"
"2174","ncbi","2381","Rhabdadenia"
"2175","ncbi","972",NA
"2176","ncbi","180","Angelonia"
"2177","ncbi","2701","Smilax"
"2178","ncbi","572",NA
"2179","ncbi","2706",NA
"2180","ncbi","935","Discolobium"
"2181","ncbi","736",NA
"2182","ncbi","1446",NA
"2183","ncbi","2196",NA
"2184","ncbi","1334","Heliconia"
"2185","ncbi","1553","Laetia"
"2186","ncbi","3135",NA
"2187","ncbi","1072","Erythroxylum"
"2188","ncbi","1824",NA
"2189","ncbi","2897",NA
"2190","ncbi","2650",NA
"2191","ncbi","752","Corchorus"
"2192","ncbi","1051",NA
"2193","ncbi","2569",NA
"2194","ncbi","497","Caperonia"
"2195","ncbi","1920",NA
"2196","ncbi","579","Centratherum"
"2197","ncbi","2817","Stylosanthes"
"2198","ncbi","1440","Hyptis"
"2199","ncbi","2307","Psittacanthus"
"2200","ncbi","654",NA
"2201","ncbi","2754","Spermacoce"
"2202","ncbi","1803","Mesechites"
"2203","ncbi","1200","Polyscias"
"2204","ncbi","912",NA
"2205","ncbi","2313","Psychotria"
"2206","ncbi","790","Craterispermum"
"2207","ncbi","2437","Roscheria"
"2208","ncbi","1074",NA
"2209","ncbi","1260","Glionnetia"
"2210","ncbi","1784",NA
"2211","ncbi","2025",NA
"2212","ncbi","1918","Nephrosperma"
"2213","ncbi","537",NA
"2214","ncbi","2555","Scalesia"
"2215","ncbi","538",NA
"2216","ncbi","1518",NA
"2217","ncbi","800","Crotalaria"
"2218","ncbi","1753","Malvastrum"
"2219","ncbi","341","Bacopa"
"2220","ncbi","1276",NA
"2221","ncbi","1178",NA
"2222","ncbi","860","Darwiniothamnus"
"2223","ncbi","2213","Persicaria"
"2224","ncbi","10","Vachellia"
"2225","ncbi","918",NA
"2226","ncbi","2085",NA
"2227","ncbi","1107","Euphorbia"
"2228","ncbi","1002","Encelia"
"2229","ncbi","1959","Opuntia"
"2230","ncbi","705",NA
"2231","ncbi","728","Coffea"
"2232","ncbi","1956","Opuntia"
"2233","ncbi","4","Abelmoschus"
"2234","ncbi","1199",NA
"2235","ncbi","1372",NA
"2236","ncbi","554","Catharanthus"
"2237","ncbi","2647","Sidastrum"
"2238","ncbi","1718","Solanum"
"2239","ncbi","2769",NA
"2240","ncbi","2036","Passiflora"
"2241","ncbi","87","Ageratum"
"2242","ncbi","1531","Justicia"
"2243","ncbi","506","Capsicum"
"2244","ncbi","2553",NA
"2245","ncbi","2304","Psidium"
"2246","ncbi","1960","Opuntia"
"2247","ncbi","764",NA
"2248","ncbi","2167",NA
"2249","ncbi","2707","Solanum"
"2250","ncbi","1198","Galvezia"
"2251","ncbi","442","Caesalpinia"
"2252","ncbi","1274","Gossypium"
"2253","ncbi","1810","Miconia"
"2254","ncbi","2739","Sonchus"
"2255","ncbi","1962",NA
"2256","ncbi","2644","Sida"
"2257","ncbi","2556",NA
"2258","ncbi","829","Cuphea"
"2259","ncbi","1861",NA
"2260","ncbi","1923","Nolana"
"2261","ncbi","525","Carica"
"2262","ncbi","2639",NA
"2263","ncbi","9",NA
"2264","ncbi","1838","Mirabilis"
"2265","ncbi","435",NA
"2266","ncbi","2560",NA
"2267","ncbi","623",NA
"2268","ncbi","494",NA
"2269","ncbi","1472","Inga"
"2270","ncbi","3091","Vigna"
"2271","ncbi","2314","Psychotria"
"2272","ncbi","704",NA
"2273","ncbi","402",NA
"2274","ncbi","2134",NA
"2275","ncbi","1485","Ipomoea"
"2276","ncbi","1558",NA
"2277","ncbi","1228","Geoffroea"
"2278","ncbi","2877","Tetramerium"
"2279","ncbi","1963",NA
"2280","ncbi","2554","Scalesia"
"2281","ncbi","2140","Physalis"
"2282","ncbi","1719",NA
"2283","ncbi","1957",NA
"2284","ncbi","1489",NA
"2285","ncbi","488",NA
"2286","ncbi","643","Chrysobalanus"
"2287","ncbi","1136",NA
"2288","ncbi","1118","Euphorbia"
"2289","ncbi","2179","Plocama"
"2290","ncbi","1577","Launaea"
"2291","ncbi","1137",NA
"2292","ncbi","1104","Euphorbia"
"2293","ncbi","1716","Lycium"
"2294","ncbi","2440","Rubia"
"2295","ncbi","1691","Lotus"
"2296","ncbi","1582",NA
"2297","ncbi","927","Dipsacus"
"2298","ncbi","2212","Bistorta"
"2299","ncbi","2150","Picris"
"2300","ncbi","2239",NA
"2301","ncbi","121","Allium"
"2302","ncbi","299","Aster"
"2303","ncbi","155","Anaphalis"
"2304","ncbi","2885","Thalictrum"
"2305","ncbi","2274",NA
"2306","ncbi","661",NA
"2307","ncbi","308","Aster"
"2308","ncbi","1464","Impatiens"
"2309","ncbi","2244","Potentilla"
"2310","ncbi","2668","Silene"
"2311","ncbi","54","Adenophora"
"2312","ncbi","650","Actaea"
"2313","ncbi","866",NA
"2314","ncbi","1634","Ligularia"
"2315","ncbi","1525","Juncus"
"2316","ncbi","111","Allium"
"2317","ncbi","2177","Pleurospermum"
"2318","ncbi","2216","Persicaria"
"2319","ncbi","726","Codonopsis"
"2320","ncbi","2525","Saussurea"
"2321","ncbi","2824",NA
"2322","ncbi","231",NA
"2323","ncbi","1510",NA
"2324","ncbi","1916","Nepeta"
"2325","ncbi","1017",NA
"2326","ncbi","2802",NA
"2327","ncbi","1215","Gentiana"
"2328","ncbi","2067","Pedicularis"
"2329","ncbi","53","Adenophora"
"2330","ncbi","1790","Mentha"
"2331","ncbi","926","Dipsacus"
"2332","ncbi","2247","Potentilla"
"2333","ncbi","2064","Pedicularis"
"2334","ncbi","842","Cynoglossum"
"2335","ncbi","965","Dubyaea"
"2336","ncbi","2123","Phlomis"
"2337","ncbi","519","Carduus"
"2338","ncbi","2674","Silene"
"2339","ncbi","292","Aster"
"2340","ncbi","1629","Ligularia"
"2341","ncbi","2275","Primula"
"2342","ncbi","2751","Spenceria"
"2343","ncbi","327",NA
"2344","ncbi","1213",NA
"2345","ncbi","1969","Origanum"
"2346","ncbi","1183","Galeopsis"
"2347","ncbi","169","Anemone"
"2348","ncbi","2975","Trollius"
"2349","ncbi","837","Cyananthus"
"2350","ncbi","2319","Pterocephalus"
"2351","ncbi","2053","Pedicularis"
"2352","ncbi","2502","Salvia"
"2353","ncbi","1817","Microula"
"2354","ncbi","2218","Bistorta"
"2355","ncbi","1232",NA
"2356","ncbi","304","Aster"
"2357","ncbi","307","Aster"
"2358","ncbi","1122","Euphrasia"
"2359","ncbi","1289","Halenia"
"2360","ncbi","110","Allium"
"2361","ncbi","2957",NA
"2362","ncbi","2889","Thalictrum"
"2363","ncbi","55","Adenophora"
"2364","ncbi","2910","Tibetia"
"2365","ncbi","29","Achillea"
"2366","ncbi","221","Arctium"
"2367","ncbi","2054",NA
"2368","ncbi","1359",NA
"2369","ncbi","2055",NA
"2370","ncbi","1640",NA
"2371","ncbi","690",NA
"2372","ncbi","1266",NA
"2373","ncbi","1631",NA
"2374","ncbi","2065",NA
"2375","ncbi","716",NA
"2376","ncbi","2121",NA
"2377","ncbi","1948",NA
"2378","ncbi","98",NA
"2379","ncbi","1684",NA
"2380","ncbi","2567",NA
"2381","ncbi","1149",NA
"2382","ncbi","1112",NA
"2383","ncbi","2084",NA
"2384","ncbi","1583",NA
"2385","ncbi","236",NA
"2386","ncbi","1311",NA
"2387","ncbi","600",NA
"2388","ncbi","2522",NA
"2389","ncbi","1688","Lotus"
"2390","ncbi","1905","Asteriscus"
"2391","ncbi","2033","Parolinia"
"2392","ncbi","558","Ceballosia"
"2393","ncbi","1581",NA
"2394","ncbi","281",NA
"2395","ncbi","599","Ceropegia"
"2396","ncbi","1541","Kickxia"
"2397","ncbi","337","Azorina"
"2398","ncbi","619",NA
"2399","ncbi","796","Crithmum"
"2400","ncbi","1154","Freesia"
"2401","ncbi","2378","Reseda"
"2402","ncbi","2730",NA
"2403","ncbi","2673","Silene"
"2404","ncbi","372","Beta"
"2405","ncbi","336",NA
"2406","ncbi","2612",NA
"2407","ncbi","2626",NA
"2408","ncbi","2858","Tarasa"
"2409","ncbi","932","Ochetophila"
"2410","ncbi","1787","Menonvillea"
"2411","ncbi","2692","Olsynium"
"2412","ncbi","64",NA
"2413","ncbi","2108","Phacelia"
"2414","ncbi","326","Astragalus"
"2415","ncbi","1514","Jaborosa"
"2416","ncbi","1616",NA
"2417","ncbi","1989","Oxalis"
"2418","ncbi","1854","Montiopsis"
"2419","ncbi","2083","Perezia"
"2420","ncbi","1668",NA
"2421","ncbi","1435",NA
"2422","ncbi","1013",NA
"2423","ncbi","319","Astragalus"
"2424","ncbi","447","Calandrinia"
"2425","ncbi","3120",NA
"2426","ncbi","556","Causonis"
"2427","ncbi","2296","Prunus"
"2428","ncbi","2913","Tilia"
"2429","ncbi","1","Abelia"
"2430","ncbi","367","Berberis"
"2431","ncbi","369",NA
"2432","ncbi","1606","Lespedeza"
"2433","ncbi","3066","Veronicastrum"
"2434","ncbi","1748","Malus"
"2435","ncbi","2130","Photinia"
"2436","ncbi","1680",NA
"2437","ncbi","2396",NA
"2438","ncbi","2842","Syringa"
"2439","ncbi","340",NA
"2440","ncbi","1898","Nandina"
"2441","ncbi","2152","Pieris"
"2442","ncbi","491","Campsis"
"2443","ncbi","3068","Viburnum"
"2444","ncbi","2397",NA
"2445","ncbi","666",NA
"2446","ncbi","1722","Lyonia"
"2447","ncbi","2406","Toxicodendron"
"2448","ncbi","2914","Tilia"
"2449","ncbi","984","Edgeworthia"
"2450","ncbi","3019",NA
"2451","ncbi","683","Citrus"
"2452","ncbi","3069","Viburnum"
"2453","ncbi","1509","Itea"
"2454","ncbi","1637","Ligustrum"
"2455","ncbi","1153","Fraxinus"
"2456","ncbi","2327","Pyracantha"
"2457","ncbi","1371","Hibiscus"
"2458","ncbi","893",NA
"2459","ncbi","990","Elaeagnus"
"2460","ncbi","2764","Spiraea"
"2461","ncbi","2326","Pyracantha"
"2462","ncbi","684","Cladrastis"
"2463","ncbi","2205",NA
"2464","ncbi","2767","Spiranthes"
"2465","ncbi","2295",NA
"2466","ncbi","2760","Spiraea"
"2467","ncbi","1988","Oxalis"
"2468","ncbi","2809","Stewartia"
"2469","ncbi","2395","Rhododendron"
"2470","ncbi","2828",NA
"2471","ncbi","1662","Liriope"
"2472","ncbi","898","Deutzia"
"2473","ncbi","75",NA
"2474","ncbi","1456","Idesia"
"2475","ncbi","1495","Iris"
"2476","ncbi","328","Astragalus"
"2477","ncbi","3103","Viola"
"2478","ncbi","3",NA
"2479","ncbi","901","Deutzia"
"2480","ncbi","2427",NA
"2481","ncbi","2765",NA
"2482","ncbi","651","Cinnamomum"
"2483","ncbi","1085",NA
"2484","ncbi","1144","Forsythia"
"2485","ncbi","2114","Philadelphus"
"2486","ncbi","3077","Viburnum"
"2487","ncbi","1740","Berberis"
"2488","ncbi","2634","Serissa"
"2489","ncbi","1004","Enkianthus"
"2490","ncbi","479","Camellia"
"2491","ncbi","2934","Tradescantia"
"2492","ncbi","595","Cercis"
"2493","ncbi","1428","Hypericum"
"2494","ncbi","1139","Fatsia"
"2495","ncbi","2761","Spiraea"
"2496","ncbi","1461","Ilex"
"2497","ncbi","2127","Phlox"
"2498","ncbi","2995","Ulmus"
"2499","ncbi","473","Calystegia"
"2500","ncbi","478","Camellia"
"2501","ncbi","768","Coreopsis"
"2502","ncbi","1493","Iris"
"2503","ncbi","702","Clerodendrum"
"2504","ncbi","422","Buddleja"
"2505","ncbi","2146","Phytolacca"
"2506","ncbi","2270","Prenanthes"
"2507","ncbi","1108","Euphorbia"
"2508","ncbi","190","Anthericum"
"2509","ncbi","3032","Valeriana"
"2510","ncbi","511","Cardamine"
"2511","ncbi","852","Dactylorhiza"
"2512","ncbi","3094","Vincetoxicum"
"2513","ncbi","1614","Leucanthemum"
"2514","ncbi","1567","Laserpitium"
"2515","ncbi","1726","Lysimachia"
"2516","ncbi","834","Cuscuta"
"2517","ncbi","1391","Hippocrepis"
"2518","ncbi","717","Clinopodium"
"2519","ncbi","530","Carum"
"2520","ncbi","1173",NA
"2521","ncbi","2844","Syzygium"
"2522","ncbi","1167",NA
"2523","ncbi","1548","Labourdonnaisia"
"2524","ncbi","1785","Memecylon"
"2525","ncbi","3144","Xylopia"
"2526","ncbi","532",NA
"2527","ncbi","468",NA
"2528","ncbi","921","Diospyros"
"2529","ncbi","998",NA
"2530","ncbi","2985",NA
"2531","ncbi","2852",NA
"2532","ncbi","2699","Smilax"
"2533","ncbi","1174",NA
"2534","ncbi","809",NA
"2535","ncbi","1172",NA
"2536","ncbi","2298","Psychotria"
"2537","ncbi","1083",NA
"2538","ncbi","2971",NA
"2539","ncbi","2972","Trochetia"
"2540","ncbi","2017","Pandanus"
"2541","ncbi","1078","Eugenia"
"2542","ncbi","2332",NA
"2543","ncbi","346",NA
"2544","ncbi","1163","Gaertnera"
"2545","ncbi","1165",NA
"2546","ncbi","2511","Sanguisorba"
"2547","ncbi","2490",NA
"2548","ncbi","672",NA
"2549","ncbi","1633","Ligularia"
"2550","ncbi","2","Diabelia"
"2551","ncbi","1196","Galium"
"2552","ncbi","627","Chionographis"
"2553","ncbi","3139","Weigela"
"2554","ncbi","3105","Viola"
"2555","ncbi","240","Arisaema"
"2556","ncbi","3063","Veronica"
"2557","ncbi","2762","Spiraea"
"2558","ncbi","1647",NA
"2559","ncbi","176",NA
"2560","ncbi","903","Dianthus"
"2561","ncbi","1706","Luzula"
"2562","ncbi","2743","Sophora"
"2563","ncbi","1505","Isodon"
"2564","ncbi","120","Allium"
"2565","ncbi","1408","Hydrangea"
"2566","ncbi","1018","Epimedium"
"2567","ncbi","1347","Hemerocallis"
"2568","ncbi","2493",NA
"2569","ncbi","1190","Galium"
"2570","ncbi","648","Actaea"
"2571","ncbi","2207","Polygonum"
"2572","ncbi","976","Echinops"
"2573","ncbi","1240","Geranium"
"2574","ncbi","3088","Vicia"
"2575","ncbi","1360","Aster"
"2576","ncbi","2825","Swertia"
"2577","ncbi","1475","Inula"
"2578","ncbi","2398","Rhododendron"
"2579","ncbi","1224","Gentiana"
"2580","ncbi","2840",NA
"2581","ncbi","2734",NA
"2582","ncbi","1415","Hydrocotyle"
"2583","ncbi","2455","Rubus"
"2584","ncbi","362","Cornus"
"2585","ncbi","2191","Polygala"
"2586","ncbi","2042","Patrinia"
"2587","ncbi","2393",NA
"2588","ncbi","1411","Hydrangea"
"2589","ncbi","303","Aster"
"2590","ncbi","1497","Iris"
"2591","ncbi","708",NA
"2592","ncbi","582",NA
"2593","ncbi","3025","Valeriana"
"2594","ncbi","104",NA
"2595","ncbi","2524","Saussurea"
"2596","ncbi","2526",NA
"2597","ncbi","3101","Viola"
"2598","ncbi","2336","Quercus"
"2599","ncbi","175","Angelica"
"2600","ncbi","211","Turritis"
"2601","ncbi","39","Aconitum"
"2602","ncbi","1476","Inula"
"2603","ncbi","279","Asparagus"
"2604","ncbi","1642","Lilium"
"2605","ncbi","1842","Moehringia"
"2606","ncbi","919",NA
"2607","ncbi","2568","Hydrangea"
"2608","ncbi","1279","Grindelia"
"2609","ncbi","1955",NA
"2610","ncbi","934","Ochetophila"
"2611","ncbi","339",NA
"2612","ncbi","2624",NA
"2613","ncbi","1575",NA
"2614","ncbi","1451","Hysterionica"
"2615","ncbi","67","Adesmia"
"2616","ncbi","246","Arjona"
"2617","ncbi","2334",NA
"2618","ncbi","1999",NA
"2619","ncbi","1528","Junellia"
"2620","ncbi","2371","Rapistrum"
"2621","ncbi","2604","Senecio"
"2622","ncbi","1940","Oenothera"
"2623","ncbi","2894","Thelesperma"
"2624","ncbi","1877","Mutisia"
"2625","ncbi","1835",NA
"2626","ncbi","2986","Tussilago"
"2627","ncbi","3059","Veronica"
"2628","ncbi","310",NA
"2629","ncbi","2720","Soldanella"
"2630","ncbi","1767","Melampyrum"
"2631","ncbi","311",NA
"2632","ncbi","1808","Miconia"
"2633","ncbi","1457","Ilex"
"2634","ncbi","1000","Emmeorhiza"
"2635","ncbi","1699","Ludwigia"
"2636","ncbi","1047",NA
"2637","ncbi","2473","Sagittaria"
"2638","ncbi","2411","Rhynchospora"
"2639","ncbi","2838",NA
"2640","ncbi","273","Cyperus"
"2641","ncbi","3145","Xyris"
"2642","ncbi","2412","Rhynchospora"
"2643","ncbi","2682","Sipanea"
"2644","ncbi","973","Echinodorus"
"2645","ncbi","2413","Rhynchospora"
"2646","ncbi","709",NA
"2647","ncbi","559","Cecropia"
"2648","ncbi","633","Chromolaena"
"2649","ncbi","916","Diodella"
"2650","ncbi","2316",NA
"2651","ncbi","5",NA
"2652","ncbi","995",NA
"2653","ncbi","1305","Hedyosmum"
"2654","ncbi","31","Achyrocline"
"2655","ncbi","2848","Syzygium"
"2656","ncbi","128","Alstroemeria"
"2657","ncbi","2970","Tristerix"
"2658","ncbi","841","Diplolepis"
"2659","ncbi","2416","Ribes"
"2660","ncbi","3084","Vicia"
"2661","ncbi","2565",NA
"2662","ncbi","244","Aristotelia"
"2663","ncbi","2843","Syzygium"
"2664","ncbi","1168",NA
"2665","ncbi","2847",NA
"2666","ncbi","3149",NA
"2667","ncbi","2429","Rosa"
"2668","ncbi","456","Calceolaria"
"2669","ncbi","1241","Geranium"
"2670","ncbi","2241","Dasiphora"
"2671","ncbi","2863","Taraxacum"
"2672","ncbi","1352",NA
"2673","ncbi","1915",NA
"2674","ncbi","472",NA
"2675","ncbi","170",NA
"2676","ncbi","1593",NA
"2677","ncbi","2581",NA
"2678","ncbi","954",NA
"2679","ncbi","166",NA
"2680","ncbi","2059",NA
"2681","ncbi","997",NA
"2682","ncbi","2663","Silene"
"2683","ncbi","1857","Morina"
"2684","ncbi","714","Clinopodium"
"2685","ncbi","2772","Stachys"
"2686","ncbi","3099","Viola"
"2687","ncbi","1469","Incarvillea"
"2688","ncbi","2498","Salvia"
"2689","ncbi","2803","Stellera"
"2690","ncbi","163","Androsace"
"2691","ncbi","2976","Trollius"
"2692","ncbi","2365",NA
"2693","ncbi","3085","Vicia"
"2694","ncbi","1498","Iris"
"2695","ncbi","43","Aconitum"
"2696","ncbi","2060",NA
"2697","ncbi","1295","Harungana"
"2698","ncbi","1170",NA
"2699","ncbi","3142","Wikstroemia"
"2700","ncbi","1348","Hemisteptia"
"2701","ncbi","2435","Rosa"
"2702","ncbi","2160",NA
"2703","ncbi","957","Dracocephalum"
"2704","ncbi","2898","Thlaspi"
"2705","ncbi","2763","Spiraea"
"2706","ncbi","1212","Gentiana"
"2707","ncbi","872","Delphinium"
"2708","ncbi","1635","Ligularia"
"2709","ncbi","113","Allium"
"2710","ncbi","1175",NA
"2711","ncbi","1844",NA
"2712","ncbi","1166",NA
"2713","ncbi","59",NA
"2714","ncbi","2690","Sisyrinchium"
"2715","ncbi","2401","Rhodophiala"
"2716","ncbi","2770",NA
"2717","ncbi","1737","Madia"
"2718","ncbi","1667","Loasa"
"2719","ncbi","350","Anemone"
"2720","ncbi","2601",NA
"2721","ncbi","365","Berberis"
"2722","ncbi","2981","Tropaeolum"
"2723","ncbi","2603",NA
"2724","ncbi","2082","Perezia"
"2725","ncbi","66",NA
"2726","ncbi","446","Calandrinia"
"2727","ncbi","2693",NA
"2728","ncbi","1114","Euphorbia"
"2729","ncbi","61",NA
"2730","ncbi","2337",NA
"2731","ncbi","1620","Leucocoryne"
"2732","ncbi","3027",NA
"2733","ncbi","62","Adesmia"
"2734","ncbi","1901","Nassauvia"
"2735","ncbi","510","Macropodium"
"2736","ncbi","1437",NA
"2737","ncbi","320","Astragalus"
"2738","ncbi","2605",NA
"2739","ncbi","1669",NA
"2740","ncbi","156","Anarthrophyllum"
"2741","ncbi","2718",NA
"2742","ncbi","605","Chaetanthera"
"2743","ncbi","2587",NA
"2744","ncbi","453",NA
"2745","ncbi","2566","Schizanthus"
"2746","ncbi","3044",NA
"2747","ncbi","2513","Sanicula"
"2748","ncbi","457",NA
"2749","ncbi","1293",NA
"2750","ncbi","1867","Azorella"
"2751","ncbi","1744",NA
"2752","ncbi","58",NA
"2753","ncbi","1874",NA
"2754","ncbi","2980","Tropaeolum"
"2755","ncbi","366","Berberis"
"2756","ncbi","608","Chaetanthera"
"2757","ncbi","129","Alstroemeria"
"2758","ncbi","3124","Viviania"
"2759","ncbi","458",NA
"2760","ncbi","65",NA
"2761","ncbi","646","Chuquiraga"
"2762","ncbi","1875",NA
"2763","ncbi","1985","Oxalis"
"2764","ncbi","1617",NA
"2765","ncbi","2978",NA
"2766","ncbi","1899","Nardophyllum"
"2767","ncbi","452",NA
"2768","ncbi","1876",NA
"2769","ncbi","1292",NA
"2770","ncbi","329",NA
"2771","ncbi","2876","Tetraglochin"
"2772","ncbi","2494",NA
"2773","ncbi","314",NA
"2774","ncbi","1997",NA
"2775","ncbi","2969","Tristagma"
"2776","ncbi","1991",NA
"2777","ncbi","1619","Leucocoryne"
"2778","ncbi","844",NA
"2779","ncbi","1937","Oenothera"
"2780","ncbi","1704","Lupinus"
"2781","ncbi","1390",NA
"2782","ncbi","2944","Echinopsis"
"2783","ncbi","455","Calceolaria"
"2784","ncbi","686",NA
"2785","ncbi","734","Collomia"
"2786","ncbi","1925",NA
"2787","ncbi","405","Bowlesia"
"2788","ncbi","12",NA
"2789","ncbi","2721",NA
"2790","ncbi","2611",NA
"2791","ncbi","1599",NA
"2792","ncbi","1576","Lathyrus"
"2793","ncbi","2354","Ranunculus"
"2794","ncbi","448",NA
"2795","ncbi","2622",NA
"2796","ncbi","335","Azorella"
"2797","ncbi","157","Anarthrophyllum"
"2798","ncbi","1900","Nassauvia"
"2799","ncbi","13","Acaena"
"2800","ncbi","1986","Oxalis"
"2801","ncbi","1563","Azorella"
"2802","ncbi","3109",NA
"2803","ncbi","609","Chaetanthera"
"2804","ncbi","333",NA
"2805","ncbi","1666",NA
"2806","ncbi","451",NA
"2807","ncbi","2968","Tristagma"
"2808","ncbi","589",NA
"2809","ncbi","1878","Mutisia"
"2810","ncbi","3141",NA
"2811","ncbi","1031",NA
"2812","ncbi","2806",NA
"2813","ncbi","1904",NA
"2814","ncbi","604","Chaetanthera"
"2815","ncbi","454",NA
"2816","ncbi","2003","Oxylobium"
"2817","ncbi","1119","Euphrasia"
"2818","ncbi","2260",NA
"2819","ncbi","34","Aciphylla"
"2820","ncbi","1009","Epilobium"
"2821","ncbi","1970","Orites"
"2822","ncbi","3128","Wahlenbergia"
"2823","ncbi","410",NA
"2824","ncbi","2610","Senecio"
"2825","ncbi","784",NA
"2826","ncbi","1345",NA
"2827","ncbi","2280","Prostanthera"
"2828","ncbi","2419","Richea"
"2829","ncbi","36","Aciphylla"
"2830","ncbi","2112",NA
"2831","ncbi","344",NA
"2832","ncbi","1006","Epacris"
"2833","ncbi","2077","Pentachondra"
"2834","ncbi","567",NA
"2835","ncbi","407",NA
"2836","ncbi","2156","Pimelea"
"2837","ncbi","1814","Microseris"
"2838","ncbi","1327","Anaphalioides"
"2839","ncbi","1622","Acrothamnus"
"2840","ncbi","2606","Senecio"
"2841","ncbi","1227","Gentianella"
"2842","ncbi","2615",NA
"2843","ncbi","1546","Kunzea"
"2844","ncbi","280","Asperula"
"2845","ncbi","1911","Montia"
"2846","ncbi","1943","Olearia"
"2847","ncbi","2816","Stylidium"
"2848","ncbi","409",NA
"2849","ncbi","2780",NA
"2850","ncbi","1331",NA
"2851","ncbi","1601","Leptorhynchos"
"2852","ncbi","406",NA
"2853","ncbi","1005","Epacris"
"2854","ncbi","2642",NA
"2855","ncbi","827",NA
"2856","ncbi","1335","Heliconia"
"2857","ncbi","2471",NA
"2858","ncbi","1695","Ludwigia"
"2859","ncbi","2322","Pterolepis"
"2860","ncbi","1442","Hyptis"
"2861","ncbi","810","Croton"
"2862","ncbi","370",NA
"2863","ncbi","74","Aeschynomene"
"2864","ncbi","2528","Sauvagesia"
"2865","ncbi","2882","Thalia"
"2866","ncbi","1443",NA
"2867","ncbi","3147",NA
"2868","ncbi","1783",NA
"2869","ncbi","2409","Rhynchanthera"
"2870","ncbi","2988",NA
"2871","ncbi","2839",NA
"2872","ncbi","1855",NA
"2873","ncbi","1822","Mimosa"
"2874","ncbi","710","Clidemia"
"2875","ncbi","917",NA
"2876","ncbi","1812",NA
"2877","ncbi","3146","Xyris"
"2878","ncbi","2679",NA
"2879","ncbi","496",NA
"2880","ncbi","2747",NA
"2881","ncbi","653","Cinnamomum"
"2882","ncbi","237",NA
"2883","ncbi","278",NA
"2884","ncbi","1540","Kickxia"
"2885","ncbi","3157","Zilla"
"2886","ncbi","1906",NA
"2887","ncbi","2032",NA
"2888","ncbi","1113",NA
"2889","ncbi","1579","Lavandula"
"2890","ncbi","748",NA
"2891","ncbi","1105","Euphorbia"
"2892","ncbi","978","Echium"
"2893","ncbi","235",NA
"2894","ncbi","980","Echium"
"2895","ncbi","1922",NA
"2896","ncbi","1690",NA
"2897","ncbi","746","Convolvulus"
"2898","ncbi","1686","Lotus"
"2899","ncbi","384","Bituminaria"
"2900","ncbi","2655","Sideritis"
"2901","ncbi","2559","Scandix"
"2902","ncbi","2654",NA
"2903","ncbi","1689",NA
"2904","ncbi","2111","Phagnalon"
"2905","ncbi","2496","Salvia"
"2906","ncbi","1910","Cneorum"
"2907","ncbi","471","Caltha"
"2908","ncbi","2256","Potentilla"
"2909","ncbi","2869",NA
"2910","ncbi","1250","Geum"
"2911","ncbi","2005","Oxytropis"
"2912","ncbi","2100","Petasites"
"2913","ncbi","1687","Lotus"
"2914","ncbi","2110","Phagnalon"
"2915","ncbi","2578","Scrophularia"
"2916","ncbi","1063","Erysimum"
"2917","ncbi","2320","Pterocephalus"
"2918","ncbi","2159",NA
"2919","ncbi","983","Echium"
"2920","ncbi","2924","Tolpis"
"2921","ncbi","238",NA
"2922","ncbi","1791","Mentha"
"2923","ncbi","1917",NA
"2924","ncbi","2749","Cytisus"
"2925","ncbi","51","Adenocarpus"
"2926","ncbi","1529","Junellia"
"2927","ncbi","949","Draba"
"2928","ncbi","1968","Oreopolus"
"2929","ncbi","2979","Tropaeolum"
"2930","ncbi","606","Chaetanthera"
"2931","ncbi","607","Chaetanthera"
"2932","ncbi","1928",NA
"2933","ncbi","1902","Nassauvia"
"2934","ncbi","444","Caiophora"
"2935","ncbi","953",NA
"2936","ncbi","3030","Valeriana"
"2937","ncbi","60",NA
"2938","ncbi","449",NA
"2939","ncbi","334","Azorella"
"2940","ncbi","3095",NA
"2941","ncbi","63","Adesmia"
"2942","ncbi","1903","Nassauvia"
"2943","ncbi","450",NA
"2944","ncbi","1618",NA
"2945","ncbi","3104",NA
"2946","ncbi","1998",NA
"2947","ncbi","2258","Pozoa"
"2948","ncbi","2997",NA
"2949","ncbi","2949","Trifolium"
"2950","ncbi","174","Angelica"
"2951","ncbi","2941",NA
"2952","ncbi","1010","Epilobium"
"2953","ncbi","669",NA
"2954","ncbi","2361",NA
"2955","ncbi","3010",NA
"2956","ncbi","1364","Heterotheca"
"2957","ncbi","229","Eremogone"
"2958","ncbi","3079","Vicia"
"2959","ncbi","1036","Erigeron"
"2960","ncbi","2864","Taraxacum"
"2961","ncbi","2725","Solidago"
"2962","ncbi","1044","Erigeron"
"2963","ncbi","1309","Helianthella"
"2964","ncbi","1799","Mertensia"
"2965","ncbi","1798","Mertensia"
"2966","ncbi","2242","Potentilla"
"2967","ncbi","2619","Senecio"
"2968","ncbi","687","Claytonia"
"2969","ncbi","90",NA
"2970","ncbi","1219","Gentiana"
"2971","ncbi","1188","Galium"
"2972","ncbi","3110","Viola"
"2973","ncbi","1337","Heliomeris"
"2974","ncbi","162","Androsace"
"2975","ncbi","2436","Rosa"
"2976","ncbi","2106","Phacelia"
"2977","ncbi","2593","Sedum"
"2978","ncbi","945","Draba"
"2979","ncbi","2607","Senecio"
"2980","ncbi","873","Delphinium"
"2981","ncbi","2245","Potentilla"
"2982","ncbi","1049","Eriogonum"
"2983","ncbi","2300","Pseudocymopterus"
"2984","ncbi","1418","Hydrophyllum"
"2985","ncbi","27","Achillea"
"2986","ncbi","1741","Berberis"
"2987","ncbi","391","Boechera"
"2988","ncbi","2625",NA
"2989","ncbi","485","Campanula"
"2990","ncbi","1571",NA
"2991","ncbi","1048",NA
"2992","ncbi","552","Castilleja"
"2993","ncbi","1066","Erythronium"
"2994","ncbi","1652","Linum"
"2995","ncbi","1676","Lomatium"
"2996","ncbi","1491","Ipomopsis"
"2997","ncbi","139",NA
"2998","ncbi","1147","Fragaria"
"2999","ncbi","1419",NA
"3000","ncbi","907","Dicentra"
"3001","ncbi","2508",NA
"3002","ncbi","507",NA
"3003","ncbi","2799","Stellaria"
"3004","ncbi","1350","Anemone"
"3005","ncbi","1068","Erythronium"
"3006","ncbi","3015","Uvularia"
"3007","ncbi","3106",NA
"3008","ncbi","78","Aesculus"
"3009","ncbi","2909",NA
"3010","ncbi","2890","Thalictrum"
"3011","ncbi","2960",NA
"3012","ncbi","938","Primula"
"3013","ncbi","477","Camassia"
"3014","ncbi","2353","Ranunculus"
"3015","ncbi","1067","Erythronium"
"3016","ncbi","1677","Lomatium"
"3017","ncbi","732","Collinsia"
"3018","ncbi","3033","Valerianella"
"3019","ncbi","591",NA
"3020","ncbi","1156","Fritillaria"
"3021","ncbi","1965","Anacamptis"
"3022","ncbi","2276","Primula"
"3023","ncbi","668","Cirsium"
"3024","ncbi","865",NA
"3025","ncbi","2546",NA
"3026","ncbi","413","Brassica"
"3027","ncbi","1021",NA
"3028","ncbi","2594","Sedum"
"3029","ncbi","1326",NA
"3030","ncbi","1313","Tuberaria"
"3031","ncbi","2129","Phormium"
"3032","ncbi","2008","Ozothamnus"
"3033","ncbi","766","Cordyline"
"3034","ncbi","2034","Parsonsia"
"3035","ncbi","2169","Pittosporum"
"3036","ncbi","2193","Polygala"
"3037","ncbi","1703","Lupinus"
"3038","ncbi","925","Dipogon"
"3039","ncbi","1641",NA
"3040","ncbi","1806","Metrosideros"
"3041","ncbi","2620",NA
"3042","ncbi","750",NA
"3043","ncbi","83",NA
"3044","ncbi","1864",NA
"3045","ncbi","1545","Kunzea"
"3046","ncbi","1714","Lycium"
"3047","ncbi","1205","Gavilea"
"3048","ncbi","2846",NA
"3049","ncbi","1169",NA
"3050","ncbi","2543","Scabiosa"
"3051","ncbi","288","Aster"
"3052","ncbi","2007",NA
"3053","ncbi","2234","Sibbaldianthe"
"3054","ncbi","2905",NA
"3055","ncbi","642","Chrysanthemum"
"3056","ncbi","256","Artemisia"
"3057","ncbi","2252","Potentilla"
"3058","ncbi","257","Artemisia"
"3059","ncbi","1501","Iris"
"3060","ncbi","427","Bupleurum"
"3061","ncbi","1711","Silene"
"3062","ncbi","3058","Veronica"
"3063","ncbi","2006","Oxytropis"
"3064","ncbi","324","Astragalus"
"3065","ncbi","228","Eremogone"
"3066","ncbi","117",NA
"3067","ncbi","1594","Leontopodium"
"3068","ncbi","877",NA
"3069","ncbi","3083","Vicia"
"3070","ncbi","2867","Taraxacum"
"3071","ncbi","2230","Potentilla"
"3072","ncbi","1221","Gentiana"
"3073","ncbi","2888","Thalictrum"
"3074","ncbi","2050","Pedicularis"
"3075","ncbi","322","Astragalus"
"3076","ncbi","905","Dianthus"
"3077","ncbi","1308","Heliamphora"
"3078","ncbi","398","Spermacoce"
"3079","ncbi","2183","Poecilandra"
"3080","ncbi","461",NA
"3081","ncbi","1757","Marcetia"
"3082","ncbi","1404","Humiria"
"3083","ncbi","870","Declieuxia"
"3084","ncbi","3016",NA
"3085","ncbi","838","Cybianthus"
"3086","ncbi","719","Clusia"
"3087","ncbi","720","Clusia"
"3088","ncbi","1050","Eriopsis"
"3089","ncbi","3148",NA
"3090","ncbi","2911","Tibouchina"
"3091","ncbi","1182","Galactophora"
"3092","ncbi","2787",NA
"3093","ncbi","2680","Sipanea"
"3094","ncbi","397","Bonnetia"
"3095","ncbi","1754",NA
"3096","ncbi","1460","Ilex"
"3097","ncbi","3119",NA
"3098","ncbi","2133",NA
"3099","ncbi","1007","Epidendrum"
"3100","ncbi","1820",NA
"3101","ncbi","3048",NA
"3102","ncbi","419","Brocchinia"
"3103","ncbi","1732","Macairea"
"3104","ncbi","1927","Notopora"
"3105","ncbi","1809","Miconia"
"3106","ncbi","638",NA
"3107","ncbi","2119",NA
"3108","ncbi","848","Cyrilla"
"3109","ncbi","553","Catasetum"
"3110","ncbi","356",NA
"3111","ncbi","3020",NA
"3112","ncbi","2705",NA
"3113","ncbi","2527",NA
"3114","ncbi","2875",NA
"3115","ncbi","2919","Tococa"
"3116","ncbi","2684","Siphanthera"
"3117","ncbi","2375",NA
"3118","ncbi","1796",NA
"3119","ncbi","2185",NA
"3120","ncbi","1733",NA
"3121","ncbi","911","Digomphia"
"3122","ncbi","2013",NA
"3123","ncbi","1020",NA
"3124","ncbi","1503","Irlbachia"
"3125","ncbi","1805",NA
"3126","ncbi","1912","Nepenthes"
"3127","ncbi","495",NA
"3128","ncbi","913","Dillenia"
"3129","ncbi","1524",NA
"3130","ncbi","1516",NA
"3131","ncbi","2633","Senna"
"3132","ncbi","517","Cardiospermum"
"3133","ncbi","2184","Poeppigia"
"3134","ncbi","1070",NA
"3135","ncbi","130","Alternanthera"
"3136","ncbi","1821","Mimosa"
"3137","ncbi","2829",NA
"3138","ncbi","3160",NA
"3139","ncbi","1130","Evolvulus"
"3140","ncbi","2716","Solanum"
"3141","ncbi","2228",NA
"3142","ncbi","597",NA
"3143","ncbi","501",NA
"3144","ncbi","1961","Opuntia"
"3145","ncbi","394",NA
"3146","ncbi","1414",NA
"3147","ncbi","443","Cenostigma"
"3148","ncbi","2070","Peltogyne"
"3149","ncbi","2851",NA
"3150","ncbi","2646",NA
"3151","ncbi","1079",NA
"3152","ncbi","1270",NA
"3153","ncbi","503",NA
"3154","ncbi","2386","Rhaphiodon"
"3155","ncbi","754",NA
"3156","ncbi","8","Senegalia"
"3157","ncbi","1355","Herissantia"
"3158","ncbi","758",NA
"3159","ncbi","2653","Sidastrum"
"3160","ncbi","1782","Melochia"
"3161","ncbi","2226","Portulaca"
"3162","ncbi","2657","Sideroxylon"
"3163","ncbi","150","Anacardium"
"3164","ncbi","610","Chaetocalyx"
"3165","ncbi","628",NA
"3166","ncbi","974",NA
"3167","ncbi","1931","Nymphoides"
"3168","ncbi","1659",NA
"3169","ncbi","1357","Herissantia"
"3170","ncbi","2711",NA
"3171","ncbi","611","Chamaecrista"
"3172","ncbi","806","Croton"
"3173","ncbi","2849",NA
"3174","ncbi","2128","Phoenicophorium"
"3175","ncbi","1837",NA
"3176","ncbi","1924",NA
"3177","ncbi","1764","Medusagyne"
"3178","ncbi","731","Colea"
"3179","ncbi","2549","Scaevola"
"3180","ncbi","2071","Pemphis"
"3181","ncbi","1201","Polyscias"
"3182","ncbi","955","Dracaena"
"3183","ncbi","2775",NA
"3184","ncbi","1612","Leucaena"
"3185","ncbi","2896","Thespesia"
"3186","ncbi","2822","Suriana"
"3187","ncbi","233",NA
"3188","ncbi","2982","Turnera"
"3189","ncbi","1483","Ipomoea"
"3190","ncbi","1858","Morinda"
"3191","ncbi","2040","Passiflora"
"3192","ncbi","922",NA
"3193","ncbi","869","Deckenia"
"3194","ncbi","2916","Timonius"
"3195","ncbi","1942","Olearia"
"3196","ncbi","1807","Metrosideros"
"3197","ncbi","2148","Phytolacca"
"3198","ncbi","1892","Myrsine"
"3199","ncbi","1547","Kunzea"
"3200","ncbi","1296",NA
"3201","ncbi","1772",NA
"3202","ncbi","475",NA
"3203","ncbi","1395",NA
"3204","ncbi","1624",NA
"3205","ncbi","2977",NA
"3206","ncbi","1177",NA
"3207","ncbi","371",NA
"3208","ncbi","1155",NA
"3209","ncbi","2729",NA
"3210","ncbi","2376",NA
"3211","ncbi","1932",NA
"3212","ncbi","1513",NA
"3213","ncbi","2267","Premna"
"3214","ncbi","127","Alstonia"
"3215","ncbi","1171",NA
"3216","ncbi","2776",NA
"3217","ncbi","2931",NA
"3218","ncbi","2028","Falcataria"
"3219","ncbi","82","Agapanthus"
"3220","ncbi","2859",NA
"3221","ncbi","767",NA
"3222","ncbi","2845",NA
"3223","ncbi","2019","Pandanus"
"3224","ncbi","2178","Pleurostylia"
"3225","ncbi","342","Badula"
"3226","ncbi","3150",NA
"3227","ncbi","1117",NA
"3228","ncbi","2441",NA
"3229","ncbi","1515",NA
"3230","ncbi","1346",NA
"3231","ncbi","1769",NA
"3232","ncbi","1109","Euphorbia"
"3233","ncbi","2515","Santalum"
"3234","ncbi","2645","Sida"
"3235","ncbi","395","Boerhavia"
"3236","ncbi","1881","Myoporum"
"3237","ncbi","2637","Sesbania"
"3238","ncbi","2547","Scaevola"
"3239","ncbi","2550","Scaevola"
"3240","ncbi","836","Cuscuta"
"3241","ncbi","509","Cardamine"
"3242","ncbi","1354","Heracleum"
"3243","ncbi","2797","Stellaria"
"3244","ncbi","1218","Gentiana"
"3245","ncbi","857","Daphne"
"3246","ncbi","41","Aconitum"
"3247","ncbi","2537","Saxifraga"
"3248","ncbi","2883","Thalictrum"
"3249","ncbi","625",NA
"3250","ncbi","1660",NA
"3251","ncbi","1522",NA
"3252","ncbi","118","Allium"
"3253","ncbi","200",NA
"3254","ncbi","2963","Trinia"
"3255","ncbi","2704","Smyrnium"
"3256","ncbi","1304","Hedera"
"3257","ncbi","1879","Cicerbita"
"3258","ncbi","2621",NA
"3259","ncbi","2608","Jacobaea"
"3260","ncbi","312",NA
"3261","ncbi","360",NA
"3262","ncbi","2155","Pilosella"
"3263","ncbi","1386",NA
"3264","ncbi","795","Crepis"
"3265","ncbi","1552","Lactuca"
"3266","ncbi","527","Carlina"
"3267","ncbi","1474","Inula"
"3268","ncbi","2686","Sisymbrium"
"3269","ncbi","3071","Viburnum"
"3270","ncbi","775","Cornus"
"3271","ncbi","2856","Dioscorea"
"3272","ncbi","2542","Scabiosa"
"3273","ncbi","2991","Ulex"
"3274","ncbi","1762",NA
"3275","ncbi","1238",NA
"3276","ncbi","2907",NA
"3277","ncbi","711","Clinopodium"
"3278","ncbi","712",NA
"3279","ncbi","2881","Teucrium"
"3280","ncbi","2360",NA
"3281","ncbi","2362",NA
"3282","ncbi","2426","Rosa"
"3283","ncbi","2254","Potentilla"
"3284","ncbi","781",NA
"3285","ncbi","2428","Rosa"
"3286","ncbi","789","Crataegus"
"3287","ncbi","2744","Aria"
"3288","ncbi","2510","Poterium"
"3289","ncbi","782","Cotoneaster"
"3290","ncbi","1252","Geum"
"3291","ncbi","1197",NA
"3292","ncbi","1766","Melampyrum"
"3293","ncbi","423","Buddleja"
"3294","ncbi","2709","Solanum"
"3295","ncbi","578","Centranthus"
